<?xml version="1.0" encoding="UTF-8" standalone="yes"?>
<file xmlns:xsi="http://www.w3.org/2001/XMLSchema-instance">
	<zone zoneID="Area_AT_z01">
		<dali>0</dali>
		<dimmable>1</dimmable>
		<inUse>1</inUse>
		<slew_rate>2</slew_rate>
		<ramp_time>6</ramp_time>
		<lower_bound>0</lower_bound>
		<upper_bound>65535</upper_bound>
		<friendly_name>Zone One</friendly_name>
		<on_level>65535</on_level>
		<off_level>0</off_level>
		<raise_from_off>0</raise_from_off>
		<RGB>0</RGB>
		<harvested>0</harvested>
		<wattage>60</wattage>
		<harvest_enable>0</harvest_enable>
	</zone>
	<zone zoneID="Area_AT_z02">
		<dali>0</dali>
		<dimmable>1</dimmable>
		<inUse>1</inUse>
		<slew_rate>2</slew_rate>
		<ramp_time>6</ramp_time>
		<lower_bound>0</lower_bound>
		<upper_bound>65535</upper_bound>
		<friendly_name>Zone Two</friendly_name>
		<on_level>65535</on_level>
		<off_level>0</off_level>
		<raise_from_off>0</raise_from_off>
		<RGB>0</RGB>
		<harvested>0</harvested>
		<wattage>60</wattage>
		<harvest_enable>0</harvest_enable>
	</zone>
	<zone zoneID="Area_AT_z03">
		<dali>0</dali>
		<dimmable>1</dimmable>
		<inUse>1</inUse>
		<slew_rate>2</slew_rate>
		<ramp_time>6</ramp_time>
		<lower_bound>0</lower_bound>
		<upper_bound>65535</upper_bound>
		<friendly_name>Zone Three</friendly_name>
		<on_level>65535</on_level>
		<off_level>0</off_level>
		<raise_from_off>0</raise_from_off>
		<RGB>0</RGB>
		<harvested>0</harvested>
		<wattage>60</wattage>
		<harvest_enable>0</harvest_enable>
	</zone>
	<zone zoneID="Area_AT_z04">
		<dali>0</dali>
		<dimmable>1</dimmable>
		<inUse>1</inUse>
		<slew_rate>2</slew_rate>
		<ramp_time>6</ramp_time>
		<lower_bound>0</lower_bound>
		<upper_bound>65535</upper_bound>
		<friendly_name>Zone Four</friendly_name>
		<on_level>65535</on_level>
		<off_level>0</off_level>
		<raise_from_off>0</raise_from_off>
		<RGB>0</RGB>
		<harvested>0</harvested>
		<wattage>60</wattage>
		<harvest_enable>0</harvest_enable>
	</zone>
	<zone zoneID="Area_AT_z05">
		<dali>0</dali>
		<dimmable>1</dimmable>
		<inUse>1</inUse>
		<slew_rate>2</slew_rate>
		<ramp_time>6</ramp_time>
		<lower_bound>0</lower_bound>
		<upper_bound>65535</upper_bound>
		<friendly_name>Zone Five</friendly_name>
		<on_level>65535</on_level>
		<off_level>0</off_level>
		<raise_from_off>0</raise_from_off>
		<RGB>0</RGB>
		<harvested>0</harvested>
		<wattage>60</wattage>
		<harvest_enable>0</harvest_enable>
	</zone>
	<zone zoneID="Area_AT_z06">
		<dali>0</dali>
		<dimmable>1</dimmable>
		<inUse>1</inUse>
		<slew_rate>2</slew_rate>
		<ramp_time>6</ramp_time>
		<lower_bound>0</lower_bound>
		<upper_bound>65535</upper_bound>
		<friendly_name>Zone Six</friendly_name>
		<on_level>65535</on_level>
		<off_level>0</off_level>
		<raise_from_off>0</raise_from_off>
		<RGB>0</RGB>
		<harvested>0</harvested>
		<wattage>60</wattage>
		<harvest_enable>0</harvest_enable>
	</zone>
	<zone zoneID="Area_AT_z07">
		<dali>0</dali>
		<dimmable>1</dimmable>
		<inUse>1</inUse>
		<slew_rate>2</slew_rate>
		<ramp_time>6</ramp_time>
		<lower_bound>0</lower_bound>
		<upper_bound>65535</upper_bound>
		<friendly_name>Zone Seven</friendly_name>
		<on_level>65535</on_level>
		<off_level>0</off_level>
		<raise_from_off>0</raise_from_off>
		<RGB>0</RGB>
		<harvested>0</harvested>
		<wattage>60</wattage>
		<harvest_enable>0</harvest_enable>
	</zone>
	<zone zoneID="Area_AT_z08">
		<dali>0</dali>
		<dimmable>1</dimmable>
		<inUse>1</inUse>
		<slew_rate>2</slew_rate>
		<ramp_time>6</ramp_time>
		<lower_bound>0</lower_bound>
		<upper_bound>65535</upper_bound>
		<friendly_name>Zone Eight</friendly_name>
		<on_level>65535</on_level>
		<off_level>0</off_level>
		<raise_from_off>0</raise_from_off>
		<RGB>0</RGB>
		<harvested>0</harvested>
		<wattage>60</wattage>
		<harvest_enable>0</harvest_enable>
	</zone>
	<zone zoneID="Area_AT_z09">
		<dali>0</dali>
		<dimmable>1</dimmable>
		<inUse>1</inUse>
		<slew_rate>2</slew_rate>
		<ramp_time>6</ramp_time>
		<lower_bound>0</lower_bound>
		<upper_bound>65535</upper_bound>
		<friendly_name>Zone Nine</friendly_name>
		<on_level>65535</on_level>
		<off_level>0</off_level>
		<raise_from_off>0</raise_from_off>
		<RGB>0</RGB>
		<harvested>0</harvested>
		<wattage>60</wattage>
		<harvest_enable>0</harvest_enable>
	</zone>
	<zone zoneID="Area_AT_z10">
		<dali>0</dali>
		<dimmable>1</dimmable>
		<inUse>1</inUse>
		<slew_rate>2</slew_rate>
		<ramp_time>6</ramp_time>
		<lower_bound>0</lower_bound>
		<upper_bound>65535</upper_bound>
		<friendly_name>Zone Ten</friendly_name>
		<on_level>65535</on_level>
		<off_level>0</off_level>
		<raise_from_off>0</raise_from_off>
		<RGB>0</RGB>
		<harvested>0</harvested>
		<wattage>60</wattage>
		<harvest_enable>0</harvest_enable>
	</zone>
	<zone zoneID="Area_AT_z11">
		<dali>0</dali>
		<dimmable>1</dimmable>
		<inUse>1</inUse>
		<slew_rate>2</slew_rate>
		<ramp_time>6</ramp_time>
		<lower_bound>0</lower_bound>
		<upper_bound>65535</upper_bound>
		<friendly_name>Zone Eleven </friendly_name>
		<on_level>65535</on_level>
		<off_level>0</off_level>
		<raise_from_off>0</raise_from_off>
		<RGB>0</RGB>
		<harvested>0</harvested>
		<wattage>60</wattage>
		<harvest_enable>0</harvest_enable>
	</zone>
	<zone zoneID="Area_AT_z12">
		<dali>0</dali>
		<dimmable>1</dimmable>
		<inUse>1</inUse>
		<slew_rate>2</slew_rate>
		<ramp_time>6</ramp_time>
		<lower_bound>0</lower_bound>
		<upper_bound>65535</upper_bound>
		<friendly_name>Zone Twelve</friendly_name>
		<on_level>65535</on_level>
		<off_level>0</off_level>
		<raise_from_off>0</raise_from_off>
		<RGB>0</RGB>
		<harvested>0</harvested>
		<wattage>60</wattage>
		<harvest_enable>0</harvest_enable>
	</zone>
	<zone zoneID="Area_TG_z01">
		<dali>0</dali>
		<dimmable>1</dimmable>
		<inUse>1</inUse>
		<slew_rate>2</slew_rate>
		<ramp_time>6</ramp_time>
		<lower_bound>0</lower_bound>
		<upper_bound>65535</upper_bound>
		<friendly_name>Zone One</friendly_name>
		<on_level>65535</on_level>
		<off_level>0</off_level>
		<raise_from_off>0</raise_from_off>
		<RGB>0</RGB>
		<harvested>0</harvested>
		<wattage>60</wattage>
		<harvest_enable>0</harvest_enable>
	</zone>
	<zone zoneID="Area_TG_z02">
		<dali>0</dali>
		<dimmable>1</dimmable>
		<inUse>1</inUse>
		<slew_rate>2</slew_rate>
		<ramp_time>6</ramp_time>
		<lower_bound>0</lower_bound>
		<upper_bound>65535</upper_bound>
		<friendly_name>Zone Two</friendly_name>
		<on_level>65535</on_level>
		<off_level>0</off_level>
		<raise_from_off>0</raise_from_off>
		<RGB>0</RGB>
		<harvested>0</harvested>
		<wattage>60</wattage>
		<harvest_enable>0</harvest_enable>
	</zone>
	<zone zoneID="Area_TG_z03">
		<dali>0</dali>
		<dimmable>1</dimmable>
		<inUse>1</inUse>
		<slew_rate>2</slew_rate>
		<ramp_time>6</ramp_time>
		<lower_bound>0</lower_bound>
		<upper_bound>65535</upper_bound>
		<friendly_name>Zone Three</friendly_name>
		<on_level>65535</on_level>
		<off_level>0</off_level>
		<raise_from_off>0</raise_from_off>
		<RGB>0</RGB>
		<harvested>0</harvested>
		<wattage>60</wattage>
		<harvest_enable>0</harvest_enable>
	</zone>
	<zone zoneID="Area_TG_z04">
		<dali>0</dali>
		<dimmable>1</dimmable>
		<inUse>1</inUse>
		<slew_rate>2</slew_rate>
		<ramp_time>6</ramp_time>
		<lower_bound>0</lower_bound>
		<upper_bound>65535</upper_bound>
		<friendly_name>Zone Four</friendly_name>
		<on_level>65535</on_level>
		<off_level>0</off_level>
		<raise_from_off>0</raise_from_off>
		<RGB>0</RGB>
		<harvested>0</harvested>
		<wattage>60</wattage>
		<harvest_enable>0</harvest_enable>
	</zone>
	<zone zoneID="Area_TG_z05">
		<dali>0</dali>
		<dimmable>1</dimmable>
		<inUse>1</inUse>
		<slew_rate>2</slew_rate>
		<ramp_time>6</ramp_time>
		<lower_bound>0</lower_bound>
		<upper_bound>65535</upper_bound>
		<friendly_name>Zone Five</friendly_name>
		<on_level>65535</on_level>
		<off_level>0</off_level>
		<raise_from_off>0</raise_from_off>
		<RGB>0</RGB>
		<harvested>0</harvested>
		<wattage>60</wattage>
		<harvest_enable>0</harvest_enable>
	</zone>
	<zone zoneID="Area_TG_z06">
		<dali>0</dali>
		<dimmable>1</dimmable>
		<inUse>1</inUse>
		<slew_rate>2</slew_rate>
		<ramp_time>6</ramp_time>
		<lower_bound>0</lower_bound>
		<upper_bound>65535</upper_bound>
		<friendly_name>Zone Six</friendly_name>
		<on_level>65535</on_level>
		<off_level>0</off_level>
		<raise_from_off>0</raise_from_off>
		<RGB>0</RGB>
		<harvested>0</harvested>
		<wattage>60</wattage>
		<harvest_enable>0</harvest_enable>
	</zone>
	<zone zoneID="Area_OR_z01">
		<dali>0</dali>
		<dimmable>1</dimmable>
		<inUse>1</inUse>
		<slew_rate>2</slew_rate>
		<ramp_time>6</ramp_time>
		<lower_bound>0</lower_bound>
		<upper_bound>65535</upper_bound>
		<friendly_name>Zone One</friendly_name>
		<on_level>65535</on_level>
		<off_level>0</off_level>
		<raise_from_off>0</raise_from_off>
		<RGB>0</RGB>
		<harvested>0</harvested>
		<wattage>60</wattage>
		<harvest_enable>0</harvest_enable>
	</zone>
	<zone zoneID="Area_OR_z02">
		<dali>0</dali>
		<dimmable>1</dimmable>
		<inUse>1</inUse>
		<slew_rate>2</slew_rate>
		<ramp_time>6</ramp_time>
		<lower_bound>0</lower_bound>
		<upper_bound>65535</upper_bound>
		<friendly_name>Zone Two</friendly_name>
		<on_level>65535</on_level>
		<off_level>0</off_level>
		<raise_from_off>0</raise_from_off>
		<RGB>0</RGB>
		<harvested>0</harvested>
		<wattage>60</wattage>
		<harvest_enable>0</harvest_enable>
	</zone>
</file>