<SmpWinPrj><ProjectName>C:\Crestron\MPTN Museum\Conference Rm\conf_rm-v3.smw</ProjectName><VersionInfo><SmpWinVersion>2.06.20</SmpWinVersion><CresDBVersion>17.4.4</CresDBVersion><SymbolLibrary>360</SymbolLibrary><DeviceLibrary>360</DeviceLibrary></VersionInfo><MinVersionInfo><MinSMWVersion>1.60.00</MinSMWVersion><MinTIOVersion>111</MinTIOVersion><MinUPZVersion>3.18.12</MinUPZVersion><CtrlSysType>2</CtrlSysType></MinVersionInfo><FileList><SimpWinFile>C:\Crestron\MPTN Museum\Conference Rm\conf_rm-v3.smw</SimpWinFile><SimpWinFile>C:\Crestron\MPTN Museum\Conference Rm\conf_rm-v3.bin</SimpWinFile><SimpWinFile>C:\Crestron\MPTN Museum\Conference Rm\conf_rm-v3.sig</SimpWinFile><SimpWinFile>C:\Crestron\MPTN Museum\Conference Rm\SBF.umc</SimpWinFile><SimpWinFile>C:\Crestron\MPTN Museum\Conference Rm\NEWLITE6.umc</SimpWinFile></FileList><CompileData><UploadFile>C:\Crestron\MPTN Museum\Conference Rm\conf_rm-v3.bin</UploadFile></CompileData><ControlSystem><ControlSystemName>CNLCOMP-232</ControlSystemName><ControlSystemCode>89</ControlSystemCode></ControlSystem><DeviceData><DEVICE><DeviceName>CNLCOMP-232</DeviceName><DeviceCode>89</DeviceCode><DeviceHandle>2</DeviceHandle><DvcSymbolHandle>0</DvcSymbolHandle><DeviceLibraryName>CNLCOMP-232</DeviceLibraryName><WizardCateogry>8</WizardCateogry><DeviceSettableMode>2</DeviceSettableMode><IsNetDevice>0</IsNetDevice><Address>00</Address></DEVICE><DEVICE><DeviceName>CNDIO16</DeviceName><DeviceCode>150</DeviceCode><DeviceHandle>7</DeviceHandle><DvcSymbolHandle>6</DvcSymbolHandle><DeviceLibraryName>CNDIO16</DeviceLibraryName><SymbolTagName>Slot</SymbolTagName><WizardCateogry>1</WizardCateogry><DeviceSettableMode>2</DeviceSettableMode><IsNetDevice>0</IsNetDevice><Address>04</Address></DEVICE><DEVICE><DeviceName>DIO-Port</DeviceName><DeviceCode>125</DeviceCode><DeviceHandle>9</DeviceHandle><DvcSymbolHandle>0</DvcSymbolHandle><DeviceLibraryName>DIO-Port</DeviceLibraryName><SymbolTagName>Slot</SymbolTagName><WizardCateogry>32</WizardCateogry><DeviceSettableMode>2</DeviceSettableMode><IsNetDevice>0</IsNetDevice><Address>01</Address></DEVICE><DEVICE><DeviceName>DIO-Port</DeviceName><DeviceCode>125</DeviceCode><DeviceHandle>11</DeviceHandle><DvcSymbolHandle>0</DvcSymbolHandle><DeviceLibraryName>DIO-Port</DeviceLibraryName><SymbolTagName>Slot</SymbolTagName><WizardCateogry>32</WizardCateogry><DeviceSettableMode>2</DeviceSettableMode><IsNetDevice>0</IsNetDevice><Address>02</Address></DEVICE><DEVICE><DeviceName>DIO-Port</DeviceName><DeviceCode>125</DeviceCode><DeviceHandle>13</DeviceHandle><DvcSymbolHandle>0</DvcSymbolHandle><DeviceLibraryName>DIO-Port</DeviceLibraryName><SymbolTagName>Slot</SymbolTagName><WizardCateogry>32</WizardCateogry><DeviceSettableMode>2</DeviceSettableMode><IsNetDevice>0</IsNetDevice><Address>03</Address></DEVICE><DEVICE><DeviceName>DIO-Port</DeviceName><DeviceCode>125</DeviceCode><DeviceHandle>15</DeviceHandle><DvcSymbolHandle>0</DvcSymbolHandle><DeviceLibraryName>DIO-Port</DeviceLibraryName><SymbolTagName>Slot</SymbolTagName><WizardCateogry>32</WizardCateogry><DeviceSettableMode>2</DeviceSettableMode><IsNetDevice>0</IsNetDevice><Address>04</Address></DEVICE><DEVICE><DeviceName>DIO-Port</DeviceName><DeviceCode>125</DeviceCode><DeviceHandle>17</DeviceHandle><DvcSymbolHandle>0</DvcSymbolHandle><DeviceLibraryName>DIO-Port</DeviceLibraryName><SymbolTagName>Slot</SymbolTagName><WizardCateogry>32</WizardCateogry><DeviceSettableMode>2</DeviceSettableMode><IsNetDevice>0</IsNetDevice><Address>05</Address></DEVICE><DEVICE><DeviceName>DIO-Port</DeviceName><DeviceCode>125</DeviceCode><DeviceHandle>19</DeviceHandle><DvcSymbolHandle>0</DvcSymbolHandle><DeviceLibraryName>DIO-Port</DeviceLibraryName><SymbolTagName>Slot</SymbolTagName><WizardCateogry>32</WizardCateogry><DeviceSettableMode>2</DeviceSettableMode><IsNetDevice>0</IsNetDevice><Address>06</Address></DEVICE><DEVICE><DeviceName>DIO-Port</DeviceName><DeviceCode>125</DeviceCode><DeviceHandle>21</DeviceHandle><DvcSymbolHandle>0</DvcSymbolHandle><DeviceLibraryName>DIO-Port</DeviceLibraryName><SymbolTagName>Slot</SymbolTagName><WizardCateogry>32</WizardCateogry><DeviceSettableMode>2</DeviceSettableMode><IsNetDevice>0</IsNetDevice><Address>07</Address></DEVICE><DEVICE><DeviceName>DIO-Port</DeviceName><DeviceCode>125</DeviceCode><DeviceHandle>23</DeviceHandle><DvcSymbolHandle>0</DvcSymbolHandle><DeviceLibraryName>DIO-Port</DeviceLibraryName><SymbolTagName>Slot</SymbolTagName><WizardCateogry>32</WizardCateogry><DeviceSettableMode>2</DeviceSettableMode><IsNetDevice>0</IsNetDevice><Address>08</Address></DEVICE><DEVICE><DeviceName>DIO-Port</DeviceName><DeviceCode>125</DeviceCode><DeviceHandle>25</DeviceHandle><DvcSymbolHandle>0</DvcSymbolHandle><DeviceLibraryName>DIO-Port</DeviceLibraryName><SymbolTagName>Slot</SymbolTagName><WizardCateogry>32</WizardCateogry><DeviceSettableMode>2</DeviceSettableMode><IsNetDevice>0</IsNetDevice><Address>09</Address></DEVICE><DEVICE><DeviceName>DIO-Port</DeviceName><DeviceCode>125</DeviceCode><DeviceHandle>27</DeviceHandle><DvcSymbolHandle>0</DvcSymbolHandle><DeviceLibraryName>DIO-Port</DeviceLibraryName><SymbolTagName>Slot</SymbolTagName><WizardCateogry>32</WizardCateogry><DeviceSettableMode>2</DeviceSettableMode><IsNetDevice>0</IsNetDevice><Address>10</Address></DEVICE><DEVICE><DeviceName>DIO-Port</DeviceName><DeviceCode>125</DeviceCode><DeviceHandle>29</DeviceHandle><DvcSymbolHandle>0</DvcSymbolHandle><DeviceLibraryName>DIO-Port</DeviceLibraryName><SymbolTagName>Slot</SymbolTagName><WizardCateogry>32</WizardCateogry><DeviceSettableMode>2</DeviceSettableMode><IsNetDevice>0</IsNetDevice><Address>11</Address></DEVICE><DEVICE><DeviceName>DIO-Port</DeviceName><DeviceCode>125</DeviceCode><DeviceHandle>31</DeviceHandle><DvcSymbolHandle>0</DvcSymbolHandle><DeviceLibraryName>DIO-Port</DeviceLibraryName><SymbolTagName>Slot</SymbolTagName><WizardCateogry>32</WizardCateogry><DeviceSettableMode>2</DeviceSettableMode><IsNetDevice>0</IsNetDevice><Address>12</Address></DEVICE><DEVICE><DeviceName>DIO-Port</DeviceName><DeviceCode>125</DeviceCode><DeviceHandle>33</DeviceHandle><DvcSymbolHandle>0</DvcSymbolHandle><DeviceLibraryName>DIO-Port</DeviceLibraryName><SymbolTagName>Slot</SymbolTagName><WizardCateogry>32</WizardCateogry><DeviceSettableMode>2</DeviceSettableMode><IsNetDevice>0</IsNetDevice><Address>13</Address></DEVICE><DEVICE><DeviceName>DIO-Port</DeviceName><DeviceCode>125</DeviceCode><DeviceHandle>35</DeviceHandle><DvcSymbolHandle>0</DvcSymbolHandle><DeviceLibraryName>DIO-Port</DeviceLibraryName><SymbolTagName>Slot</SymbolTagName><WizardCateogry>32</WizardCateogry><DeviceSettableMode>2</DeviceSettableMode><IsNetDevice>0</IsNetDevice><Address>14</Address></DEVICE><DEVICE><DeviceName>DIO-Port</DeviceName><DeviceCode>125</DeviceCode><DeviceHandle>37</DeviceHandle><DvcSymbolHandle>0</DvcSymbolHandle><DeviceLibraryName>DIO-Port</DeviceLibraryName><SymbolTagName>Slot</SymbolTagName><WizardCateogry>32</WizardCateogry><DeviceSettableMode>2</DeviceSettableMode><IsNetDevice>0</IsNetDevice><Address>15</Address></DEVICE><DEVICE><DeviceName>DIO-Port</DeviceName><DeviceCode>125</DeviceCode><DeviceHandle>39</DeviceHandle><DvcSymbolHandle>0</DvcSymbolHandle><DeviceLibraryName>DIO-Port</DeviceLibraryName><SymbolTagName>Slot</SymbolTagName><WizardCateogry>32</WizardCateogry><DeviceSettableMode>2</DeviceSettableMode><IsNetDevice>0</IsNetDevice><Address>16</Address></DEVICE><DEVICE><DeviceName>CNCOMH-2I</DeviceName><DeviceCode>210</DeviceCode><DeviceHandle>44</DeviceHandle><DvcSymbolHandle>7</DvcSymbolHandle><DeviceLibraryName>CNCOMH-2I</DeviceLibraryName><SymbolTagName>Slot</SymbolTagName><WizardCateogry>1</WizardCateogry><DeviceSettableMode>2</DeviceSettableMode><DeviceFirmwareName>23,25</DeviceFirmwareName><IsNetDevice>0</IsNetDevice><Address>08</Address></DEVICE><DEVICE><DeviceName>ST-CP/Internal CNCOMH-2 Two-way serial driver</DeviceName><DeviceCode>211</DeviceCode><DeviceHandle>46</DeviceHandle><DvcSymbolHandle>8</DvcSymbolHandle><DeviceLibraryName>ST-CP/Internal CNCOMH-2 Two-way serial driver</DeviceLibraryName><SymbolTagName>Port</SymbolTagName><WizardCateogry>32</WizardCateogry><DeviceSettableMode>2</DeviceSettableMode><IsNetDevice>0</IsNetDevice><Address>A</Address></DEVICE><DEVICE><DeviceName>ST-CP/Internal CNCOMH-2 Two-way serial driver</DeviceName><DeviceCode>211</DeviceCode><DeviceHandle>48</DeviceHandle><DvcSymbolHandle>9</DvcSymbolHandle><DeviceLibraryName>ST-CP/Internal CNCOMH-2 Two-way serial driver</DeviceLibraryName><SymbolTagName>Port</SymbolTagName><WizardCateogry>32</WizardCateogry><DeviceSettableMode>2</DeviceSettableMode><IsNetDevice>0</IsNetDevice><Address>B</Address></DEVICE><DEVICE><DeviceName>NetDevice</DeviceName><DeviceCode>6</DeviceCode><DeviceHandle>50</DeviceHandle><DvcSymbolHandle>0</DvcSymbolHandle><DeviceLibraryName>NetDevice</DeviceLibraryName><SymbolTagName>Port</SymbolTagName><WizardCateogry>1</WizardCateogry><DeviceSettableMode>2</DeviceSettableMode><IsNetDevice>1</IsNetDevice><LocalOrRemote>Local</LocalOrRemote><Address>09</Address><AddressType>Cresnet</AddressType></DEVICE><DEVICE><DeviceName>CNLDM-4</DeviceName><DeviceCode>156</DeviceCode><DeviceHandle>318</DeviceHandle><DvcSymbolHandle>11</DvcSymbolHandle><DeviceLibraryName>CNLDM-4</DeviceLibraryName><SymbolTagName>ID</SymbolTagName><WizardCateogry>1</WizardCateogry><DeviceSettableMode>1</DeviceSettableMode><DeviceFirmwareName>CNLDM-4</DeviceFirmwareName><IsNetDevice>1</IsNetDevice><LocalOrRemote>Local</LocalOrRemote><Address>11</Address><AddressType>Cresnet</AddressType></DEVICE><DEVICE><DeviceName>IDimPort</DeviceName><DeviceCode>128</DeviceCode><DeviceHandle>320</DeviceHandle><DvcSymbolHandle>0</DvcSymbolHandle><DeviceLibraryName>IDimPort</DeviceLibraryName><SymbolTagName>ID</SymbolTagName><WizardCateogry>16</WizardCateogry><DeviceSettableMode>2</DeviceSettableMode><IsNetDevice>0</IsNetDevice><Address>01</Address><AddressType>Cresnet</AddressType></DEVICE><DEVICE><DeviceName>IDimPort</DeviceName><DeviceCode>128</DeviceCode><DeviceHandle>322</DeviceHandle><DvcSymbolHandle>0</DvcSymbolHandle><DeviceLibraryName>IDimPort</DeviceLibraryName><SymbolTagName>ID</SymbolTagName><WizardCateogry>16</WizardCateogry><DeviceSettableMode>2</DeviceSettableMode><IsNetDevice>0</IsNetDevice><Address>02</Address><AddressType>Cresnet</AddressType></DEVICE><DEVICE><DeviceName>IDimPort</DeviceName><DeviceCode>128</DeviceCode><DeviceHandle>324</DeviceHandle><DvcSymbolHandle>0</DvcSymbolHandle><DeviceLibraryName>IDimPort</DeviceLibraryName><SymbolTagName>ID</SymbolTagName><WizardCateogry>16</WizardCateogry><DeviceSettableMode>2</DeviceSettableMode><IsNetDevice>0</IsNetDevice><Address>03</Address><AddressType>Cresnet</AddressType></DEVICE><DEVICE><DeviceName>IDimPort</DeviceName><DeviceCode>128</DeviceCode><DeviceHandle>326</DeviceHandle><DvcSymbolHandle>0</DvcSymbolHandle><DeviceLibraryName>IDimPort</DeviceLibraryName><SymbolTagName>ID</SymbolTagName><WizardCateogry>16</WizardCateogry><DeviceSettableMode>2</DeviceSettableMode><IsNetDevice>0</IsNetDevice><Address>04</Address><AddressType>Cresnet</AddressType></DEVICE><DEVICE><DeviceName>CNWPBG2-32</DeviceName><DeviceCode>58</DeviceCode><DeviceHandle>343</DeviceHandle><DvcSymbolHandle>12</DvcSymbolHandle><DeviceLibraryName>CNWPBG2-32</DeviceLibraryName><SymbolTagName>ID</SymbolTagName><WizardCateogry>2</WizardCateogry><DeviceSettableMode>1</DeviceSettableMode><DeviceFirmwareName>CNWPBG2-32</DeviceFirmwareName><IsNetDevice>1</IsNetDevice><LocalOrRemote>Local</LocalOrRemote><Address>17</Address><AddressType>Cresnet</AddressType></DEVICE><DEVICE><DeviceName>CNPCI-8/CLCI-8</DeviceName><DeviceCode>108</DeviceCode><DeviceHandle>344</DeviceHandle><DvcSymbolHandle>26</DvcSymbolHandle><DeviceLibraryName>CNPCI-8/CLCI-8</DeviceLibraryName><SymbolTagName>ID</SymbolTagName><WizardCateogry>1</WizardCateogry><DeviceSettableMode>1</DeviceSettableMode><DeviceFirmwareName>CNPCI-8,CLCI-8,</DeviceFirmwareName><IsNetDevice>1</IsNetDevice><LocalOrRemote>Local</LocalOrRemote><Address>12</Address><AddressType>Cresnet</AddressType></DEVICE><DEVICE><DeviceName>Relay</DeviceName><DeviceCode>7</DeviceCode><DeviceHandle>346</DeviceHandle><DvcSymbolHandle>0</DvcSymbolHandle><DeviceLibraryName>Relay</DeviceLibraryName><SymbolTagName>ID</SymbolTagName><WizardCateogry>32</WizardCateogry><DeviceSettableMode>2</DeviceSettableMode><IsNetDevice>0</IsNetDevice><Address>01</Address><AddressType>Cresnet</AddressType></DEVICE><DEVICE><DeviceName>Relay</DeviceName><DeviceCode>7</DeviceCode><DeviceHandle>348</DeviceHandle><DvcSymbolHandle>0</DvcSymbolHandle><DeviceLibraryName>Relay</DeviceLibraryName><SymbolTagName>ID</SymbolTagName><WizardCateogry>32</WizardCateogry><DeviceSettableMode>2</DeviceSettableMode><IsNetDevice>0</IsNetDevice><Address>02</Address><AddressType>Cresnet</AddressType></DEVICE><DEVICE><DeviceName>Relay</DeviceName><DeviceCode>7</DeviceCode><DeviceHandle>350</DeviceHandle><DvcSymbolHandle>0</DvcSymbolHandle><DeviceLibraryName>Relay</DeviceLibraryName><SymbolTagName>ID</SymbolTagName><WizardCateogry>32</WizardCateogry><DeviceSettableMode>2</DeviceSettableMode><IsNetDevice>0</IsNetDevice><Address>03</Address><AddressType>Cresnet</AddressType></DEVICE><DEVICE><DeviceName>Relay</DeviceName><DeviceCode>7</DeviceCode><DeviceHandle>352</DeviceHandle><DvcSymbolHandle>0</DvcSymbolHandle><DeviceLibraryName>Relay</DeviceLibraryName><SymbolTagName>ID</SymbolTagName><WizardCateogry>32</WizardCateogry><DeviceSettableMode>2</DeviceSettableMode><IsNetDevice>0</IsNetDevice><Address>04</Address><AddressType>Cresnet</AddressType></DEVICE><DEVICE><DeviceName>Relay</DeviceName><DeviceCode>7</DeviceCode><DeviceHandle>354</DeviceHandle><DvcSymbolHandle>0</DvcSymbolHandle><DeviceLibraryName>Relay</DeviceLibraryName><SymbolTagName>ID</SymbolTagName><WizardCateogry>32</WizardCateogry><DeviceSettableMode>2</DeviceSettableMode><IsNetDevice>0</IsNetDevice><Address>05</Address><AddressType>Cresnet</AddressType></DEVICE><DEVICE><DeviceName>Relay</DeviceName><DeviceCode>7</DeviceCode><DeviceHandle>356</DeviceHandle><DvcSymbolHandle>0</DvcSymbolHandle><DeviceLibraryName>Relay</DeviceLibraryName><SymbolTagName>ID</SymbolTagName><WizardCateogry>32</WizardCateogry><DeviceSettableMode>2</DeviceSettableMode><IsNetDevice>0</IsNetDevice><Address>06</Address><AddressType>Cresnet</AddressType></DEVICE><DEVICE><DeviceName>Relay</DeviceName><DeviceCode>7</DeviceCode><DeviceHandle>358</DeviceHandle><DvcSymbolHandle>0</DvcSymbolHandle><DeviceLibraryName>Relay</DeviceLibraryName><SymbolTagName>ID</SymbolTagName><WizardCateogry>32</WizardCateogry><DeviceSettableMode>2</DeviceSettableMode><IsNetDevice>0</IsNetDevice><Address>07</Address><AddressType>Cresnet</AddressType></DEVICE><DEVICE><DeviceName>Relay</DeviceName><DeviceCode>7</DeviceCode><DeviceHandle>360</DeviceHandle><DvcSymbolHandle>0</DvcSymbolHandle><DeviceLibraryName>Relay</DeviceLibraryName><SymbolTagName>ID</SymbolTagName><WizardCateogry>32</WizardCateogry><DeviceSettableMode>2</DeviceSettableMode><IsNetDevice>0</IsNetDevice><Address>08</Address><AddressType>Cresnet</AddressType></DEVICE><DEVICE><DeviceName>DigIn-Port</DeviceName><DeviceCode>119</DeviceCode><DeviceHandle>362</DeviceHandle><DvcSymbolHandle>0</DvcSymbolHandle><DeviceLibraryName>DigIn-Port</DeviceLibraryName><SymbolTagName>ID</SymbolTagName><WizardCateogry>32</WizardCateogry><DeviceSettableMode>2</DeviceSettableMode><IsNetDevice>0</IsNetDevice><Address>09</Address><AddressType>Cresnet</AddressType></DEVICE><DEVICE><DeviceName>DigIn-Port</DeviceName><DeviceCode>119</DeviceCode><DeviceHandle>364</DeviceHandle><DvcSymbolHandle>0</DvcSymbolHandle><DeviceLibraryName>DigIn-Port</DeviceLibraryName><SymbolTagName>ID</SymbolTagName><WizardCateogry>32</WizardCateogry><DeviceSettableMode>2</DeviceSettableMode><IsNetDevice>0</IsNetDevice><Address>10</Address><AddressType>Cresnet</AddressType></DEVICE><DEVICE><DeviceName>DigIn-Port</DeviceName><DeviceCode>119</DeviceCode><DeviceHandle>366</DeviceHandle><DvcSymbolHandle>0</DvcSymbolHandle><DeviceLibraryName>DigIn-Port</DeviceLibraryName><SymbolTagName>ID</SymbolTagName><WizardCateogry>32</WizardCateogry><DeviceSettableMode>2</DeviceSettableMode><IsNetDevice>0</IsNetDevice><Address>11</Address><AddressType>Cresnet</AddressType></DEVICE><DEVICE><DeviceName>DigIn-Port</DeviceName><DeviceCode>119</DeviceCode><DeviceHandle>368</DeviceHandle><DvcSymbolHandle>0</DvcSymbolHandle><DeviceLibraryName>DigIn-Port</DeviceLibraryName><SymbolTagName>ID</SymbolTagName><WizardCateogry>32</WizardCateogry><DeviceSettableMode>2</DeviceSettableMode><IsNetDevice>0</IsNetDevice><Address>12</Address><AddressType>Cresnet</AddressType></DEVICE><DEVICE><DeviceName>DigIn-Port</DeviceName><DeviceCode>119</DeviceCode><DeviceHandle>370</DeviceHandle><DvcSymbolHandle>0</DvcSymbolHandle><DeviceLibraryName>DigIn-Port</DeviceLibraryName><SymbolTagName>ID</SymbolTagName><WizardCateogry>32</WizardCateogry><DeviceSettableMode>2</DeviceSettableMode><IsNetDevice>0</IsNetDevice><Address>13</Address><AddressType>Cresnet</AddressType></DEVICE><DEVICE><DeviceName>DigIn-Port</DeviceName><DeviceCode>119</DeviceCode><DeviceHandle>372</DeviceHandle><DvcSymbolHandle>0</DvcSymbolHandle><DeviceLibraryName>DigIn-Port</DeviceLibraryName><SymbolTagName>ID</SymbolTagName><WizardCateogry>32</WizardCateogry><DeviceSettableMode>2</DeviceSettableMode><IsNetDevice>0</IsNetDevice><Address>14</Address><AddressType>Cresnet</AddressType></DEVICE><DEVICE><DeviceName>DigIn-Port</DeviceName><DeviceCode>119</DeviceCode><DeviceHandle>374</DeviceHandle><DvcSymbolHandle>0</DvcSymbolHandle><DeviceLibraryName>DigIn-Port</DeviceLibraryName><SymbolTagName>ID</SymbolTagName><WizardCateogry>32</WizardCateogry><DeviceSettableMode>2</DeviceSettableMode><IsNetDevice>0</IsNetDevice><Address>15</Address><AddressType>Cresnet</AddressType></DEVICE><DEVICE><DeviceName>DigIn-Port</DeviceName><DeviceCode>119</DeviceCode><DeviceHandle>376</DeviceHandle><DvcSymbolHandle>0</DvcSymbolHandle><DeviceLibraryName>DigIn-Port</DeviceLibraryName><SymbolTagName>ID</SymbolTagName><WizardCateogry>32</WizardCateogry><DeviceSettableMode>2</DeviceSettableMode><IsNetDevice>0</IsNetDevice><Address>16</Address><AddressType>Cresnet</AddressType></DEVICE></DeviceData></SmpWinPrj>
