<SmpWinPrj><ProjectName>C:\Crestron\MPTN Museum\Pequot Village\CNMS 3\cnms3-v2.smw</ProjectName><VersionInfo><SmpWinVersion>2.06.20</SmpWinVersion><CresDBVersion>17.4.4</CresDBVersion><SymbolLibrary>360</SymbolLibrary><DeviceLibrary>360</DeviceLibrary></VersionInfo><MinVersionInfo><MinSMWVersion>1.60.00</MinSMWVersion><MinTIOVersion>111</MinTIOVersion><MinUPZVersion>3.18.12</MinUPZVersion><CtrlSysType>3</CtrlSysType></MinVersionInfo><FileList><SimpWinFile>C:\Crestron\MPTN Museum\Pequot Village\CNMS 3\cnms3-v2.smw</SimpWinFile><SimpWinFile>C:\Crestron\MPTN Museum\Pequot Village\CNMS 3\cnms3-v2.bin</SimpWinFile><SimpWinFile>C:\Crestron\MPTN Museum\Pequot Village\CNMS 3\cnms3-v2.sig</SimpWinFile><SimpWinFile>C:\Crestron\MPTN Museum\Pequot Village\CNMS 3\ML70-20T.umc</SimpWinFile><SimpWinFile>C:\Crestron\MPTN Museum\Pequot Village\CNMS 3\ML20-20S.umc</SimpWinFile></FileList><CompileData><UploadFile>C:\Crestron\MPTN Museum\Pequot Village\CNMS 3\cnms3-v2.bin</UploadFile></CompileData><ControlSystem><ControlSystemName>CNMS</ControlSystemName><ControlSystemCode>19</ControlSystemCode></ControlSystem><DeviceData><DEVICE><DeviceName>CNMS</DeviceName><DeviceCode>19</DeviceCode><DeviceHandle>2</DeviceHandle><DvcSymbolHandle>0</DvcSymbolHandle><DeviceLibraryName>CNMS</DeviceLibraryName><WizardCateogry>8</WizardCateogry><DeviceSettableMode>2</DeviceSettableMode><IsNetDevice>0</IsNetDevice><Address>00</Address></DEVICE><DEVICE><DeviceName>CNRY-16</DeviceName><DeviceCode>35</DeviceCode><DeviceHandle>4</DeviceHandle><DvcSymbolHandle>6</DvcSymbolHandle><DeviceLibraryName>CNRY-16</DeviceLibraryName><SymbolTagName>Slot</SymbolTagName><WizardCateogry>1</WizardCateogry><DeviceSettableMode>2</DeviceSettableMode><DeviceFirmwareName>13</DeviceFirmwareName><IsNetDevice>0</IsNetDevice><Address>01</Address></DEVICE><DEVICE><DeviceName>Relay</DeviceName><DeviceCode>7</DeviceCode><DeviceHandle>6</DeviceHandle><DvcSymbolHandle>0</DvcSymbolHandle><DeviceLibraryName>Relay</DeviceLibraryName><SymbolTagName>Slot</SymbolTagName><WizardCateogry>32</WizardCateogry><DeviceSettableMode>2</DeviceSettableMode><IsNetDevice>0</IsNetDevice><Address>01</Address></DEVICE><DEVICE><DeviceName>Relay</DeviceName><DeviceCode>7</DeviceCode><DeviceHandle>8</DeviceHandle><DvcSymbolHandle>0</DvcSymbolHandle><DeviceLibraryName>Relay</DeviceLibraryName><SymbolTagName>Slot</SymbolTagName><WizardCateogry>32</WizardCateogry><DeviceSettableMode>2</DeviceSettableMode><IsNetDevice>0</IsNetDevice><Address>02</Address></DEVICE><DEVICE><DeviceName>Relay</DeviceName><DeviceCode>7</DeviceCode><DeviceHandle>10</DeviceHandle><DvcSymbolHandle>0</DvcSymbolHandle><DeviceLibraryName>Relay</DeviceLibraryName><SymbolTagName>Slot</SymbolTagName><WizardCateogry>32</WizardCateogry><DeviceSettableMode>2</DeviceSettableMode><IsNetDevice>0</IsNetDevice><Address>03</Address></DEVICE><DEVICE><DeviceName>Relay</DeviceName><DeviceCode>7</DeviceCode><DeviceHandle>12</DeviceHandle><DvcSymbolHandle>0</DvcSymbolHandle><DeviceLibraryName>Relay</DeviceLibraryName><SymbolTagName>Slot</SymbolTagName><WizardCateogry>32</WizardCateogry><DeviceSettableMode>2</DeviceSettableMode><IsNetDevice>0</IsNetDevice><Address>04</Address></DEVICE><DEVICE><DeviceName>Relay</DeviceName><DeviceCode>7</DeviceCode><DeviceHandle>14</DeviceHandle><DvcSymbolHandle>0</DvcSymbolHandle><DeviceLibraryName>Relay</DeviceLibraryName><SymbolTagName>Slot</SymbolTagName><WizardCateogry>32</WizardCateogry><DeviceSettableMode>2</DeviceSettableMode><IsNetDevice>0</IsNetDevice><Address>05</Address></DEVICE><DEVICE><DeviceName>Relay</DeviceName><DeviceCode>7</DeviceCode><DeviceHandle>16</DeviceHandle><DvcSymbolHandle>0</DvcSymbolHandle><DeviceLibraryName>Relay</DeviceLibraryName><SymbolTagName>Slot</SymbolTagName><WizardCateogry>32</WizardCateogry><DeviceSettableMode>2</DeviceSettableMode><IsNetDevice>0</IsNetDevice><Address>06</Address></DEVICE><DEVICE><DeviceName>Relay</DeviceName><DeviceCode>7</DeviceCode><DeviceHandle>18</DeviceHandle><DvcSymbolHandle>0</DvcSymbolHandle><DeviceLibraryName>Relay</DeviceLibraryName><SymbolTagName>Slot</SymbolTagName><WizardCateogry>32</WizardCateogry><DeviceSettableMode>2</DeviceSettableMode><IsNetDevice>0</IsNetDevice><Address>07</Address></DEVICE><DEVICE><DeviceName>Relay</DeviceName><DeviceCode>7</DeviceCode><DeviceHandle>20</DeviceHandle><DvcSymbolHandle>0</DvcSymbolHandle><DeviceLibraryName>Relay</DeviceLibraryName><SymbolTagName>Slot</SymbolTagName><WizardCateogry>32</WizardCateogry><DeviceSettableMode>2</DeviceSettableMode><IsNetDevice>0</IsNetDevice><Address>08</Address></DEVICE><DEVICE><DeviceName>Relay</DeviceName><DeviceCode>7</DeviceCode><DeviceHandle>22</DeviceHandle><DvcSymbolHandle>0</DvcSymbolHandle><DeviceLibraryName>Relay</DeviceLibraryName><SymbolTagName>Slot</SymbolTagName><WizardCateogry>32</WizardCateogry><DeviceSettableMode>2</DeviceSettableMode><IsNetDevice>0</IsNetDevice><Address>09</Address></DEVICE><DEVICE><DeviceName>Relay</DeviceName><DeviceCode>7</DeviceCode><DeviceHandle>24</DeviceHandle><DvcSymbolHandle>0</DvcSymbolHandle><DeviceLibraryName>Relay</DeviceLibraryName><SymbolTagName>Slot</SymbolTagName><WizardCateogry>32</WizardCateogry><DeviceSettableMode>2</DeviceSettableMode><IsNetDevice>0</IsNetDevice><Address>10</Address></DEVICE><DEVICE><DeviceName>Relay</DeviceName><DeviceCode>7</DeviceCode><DeviceHandle>26</DeviceHandle><DvcSymbolHandle>0</DvcSymbolHandle><DeviceLibraryName>Relay</DeviceLibraryName><SymbolTagName>Slot</SymbolTagName><WizardCateogry>32</WizardCateogry><DeviceSettableMode>2</DeviceSettableMode><IsNetDevice>0</IsNetDevice><Address>11</Address></DEVICE><DEVICE><DeviceName>Relay</DeviceName><DeviceCode>7</DeviceCode><DeviceHandle>28</DeviceHandle><DvcSymbolHandle>0</DvcSymbolHandle><DeviceLibraryName>Relay</DeviceLibraryName><SymbolTagName>Slot</SymbolTagName><WizardCateogry>32</WizardCateogry><DeviceSettableMode>2</DeviceSettableMode><IsNetDevice>0</IsNetDevice><Address>12</Address></DEVICE><DEVICE><DeviceName>Relay</DeviceName><DeviceCode>7</DeviceCode><DeviceHandle>30</DeviceHandle><DvcSymbolHandle>0</DvcSymbolHandle><DeviceLibraryName>Relay</DeviceLibraryName><SymbolTagName>Slot</SymbolTagName><WizardCateogry>32</WizardCateogry><DeviceSettableMode>2</DeviceSettableMode><IsNetDevice>0</IsNetDevice><Address>13</Address></DEVICE><DEVICE><DeviceName>Relay</DeviceName><DeviceCode>7</DeviceCode><DeviceHandle>32</DeviceHandle><DvcSymbolHandle>0</DvcSymbolHandle><DeviceLibraryName>Relay</DeviceLibraryName><SymbolTagName>Slot</SymbolTagName><WizardCateogry>32</WizardCateogry><DeviceSettableMode>2</DeviceSettableMode><IsNetDevice>0</IsNetDevice><Address>14</Address></DEVICE><DEVICE><DeviceName>Relay</DeviceName><DeviceCode>7</DeviceCode><DeviceHandle>34</DeviceHandle><DvcSymbolHandle>0</DvcSymbolHandle><DeviceLibraryName>Relay</DeviceLibraryName><SymbolTagName>Slot</SymbolTagName><WizardCateogry>32</WizardCateogry><DeviceSettableMode>2</DeviceSettableMode><IsNetDevice>0</IsNetDevice><Address>15</Address></DEVICE><DEVICE><DeviceName>Relay</DeviceName><DeviceCode>7</DeviceCode><DeviceHandle>36</DeviceHandle><DvcSymbolHandle>0</DvcSymbolHandle><DeviceLibraryName>Relay</DeviceLibraryName><SymbolTagName>Slot</SymbolTagName><WizardCateogry>32</WizardCateogry><DeviceSettableMode>2</DeviceSettableMode><IsNetDevice>0</IsNetDevice><Address>16</Address></DEVICE><DEVICE><DeviceName>CNDIO</DeviceName><DeviceCode>41</DeviceCode><DeviceHandle>38</DeviceHandle><DvcSymbolHandle>7</DvcSymbolHandle><DeviceLibraryName>CNDIO</DeviceLibraryName><SymbolTagName>Slot</SymbolTagName><WizardCateogry>1</WizardCateogry><DeviceSettableMode>2</DeviceSettableMode><DeviceFirmwareName>21</DeviceFirmwareName><IsNetDevice>0</IsNetDevice><Address>02</Address></DEVICE><DEVICE><DeviceName>DIO-Port</DeviceName><DeviceCode>125</DeviceCode><DeviceHandle>40</DeviceHandle><DvcSymbolHandle>0</DvcSymbolHandle><DeviceLibraryName>DIO-Port</DeviceLibraryName><SymbolTagName>Slot</SymbolTagName><WizardCateogry>32</WizardCateogry><DeviceSettableMode>2</DeviceSettableMode><IsNetDevice>0</IsNetDevice><Address>01</Address></DEVICE><DEVICE><DeviceName>DIO-Port</DeviceName><DeviceCode>125</DeviceCode><DeviceHandle>42</DeviceHandle><DvcSymbolHandle>0</DvcSymbolHandle><DeviceLibraryName>DIO-Port</DeviceLibraryName><SymbolTagName>Slot</SymbolTagName><WizardCateogry>32</WizardCateogry><DeviceSettableMode>2</DeviceSettableMode><IsNetDevice>0</IsNetDevice><Address>02</Address></DEVICE><DEVICE><DeviceName>DIO-Port</DeviceName><DeviceCode>125</DeviceCode><DeviceHandle>44</DeviceHandle><DvcSymbolHandle>0</DvcSymbolHandle><DeviceLibraryName>DIO-Port</DeviceLibraryName><SymbolTagName>Slot</SymbolTagName><WizardCateogry>32</WizardCateogry><DeviceSettableMode>2</DeviceSettableMode><IsNetDevice>0</IsNetDevice><Address>03</Address></DEVICE><DEVICE><DeviceName>DIO-Port</DeviceName><DeviceCode>125</DeviceCode><DeviceHandle>46</DeviceHandle><DvcSymbolHandle>0</DvcSymbolHandle><DeviceLibraryName>DIO-Port</DeviceLibraryName><SymbolTagName>Slot</SymbolTagName><WizardCateogry>32</WizardCateogry><DeviceSettableMode>2</DeviceSettableMode><IsNetDevice>0</IsNetDevice><Address>04</Address></DEVICE><DEVICE><DeviceName>DIO-Port</DeviceName><DeviceCode>125</DeviceCode><DeviceHandle>48</DeviceHandle><DvcSymbolHandle>0</DvcSymbolHandle><DeviceLibraryName>DIO-Port</DeviceLibraryName><SymbolTagName>Slot</SymbolTagName><WizardCateogry>32</WizardCateogry><DeviceSettableMode>2</DeviceSettableMode><IsNetDevice>0</IsNetDevice><Address>05</Address></DEVICE><DEVICE><DeviceName>DIO-Port</DeviceName><DeviceCode>125</DeviceCode><DeviceHandle>50</DeviceHandle><DvcSymbolHandle>0</DvcSymbolHandle><DeviceLibraryName>DIO-Port</DeviceLibraryName><SymbolTagName>Slot</SymbolTagName><WizardCateogry>32</WizardCateogry><DeviceSettableMode>2</DeviceSettableMode><IsNetDevice>0</IsNetDevice><Address>06</Address></DEVICE><DEVICE><DeviceName>DIO-Port</DeviceName><DeviceCode>125</DeviceCode><DeviceHandle>52</DeviceHandle><DvcSymbolHandle>0</DvcSymbolHandle><DeviceLibraryName>DIO-Port</DeviceLibraryName><SymbolTagName>Slot</SymbolTagName><WizardCateogry>32</WizardCateogry><DeviceSettableMode>2</DeviceSettableMode><IsNetDevice>0</IsNetDevice><Address>07</Address></DEVICE><DEVICE><DeviceName>DIO-Port</DeviceName><DeviceCode>125</DeviceCode><DeviceHandle>54</DeviceHandle><DvcSymbolHandle>0</DvcSymbolHandle><DeviceLibraryName>DIO-Port</DeviceLibraryName><SymbolTagName>Slot</SymbolTagName><WizardCateogry>32</WizardCateogry><DeviceSettableMode>2</DeviceSettableMode><IsNetDevice>0</IsNetDevice><Address>08</Address></DEVICE><DEVICE><DeviceName>CNIR-6</DeviceName><DeviceCode>42</DeviceCode><DeviceHandle>56</DeviceHandle><DvcSymbolHandle>8</DvcSymbolHandle><DeviceLibraryName>CNIR-6</DeviceLibraryName><SymbolTagName>Slot</SymbolTagName><WizardCateogry>1</WizardCateogry><DeviceSettableMode>2</DeviceSettableMode><DeviceFirmwareName>44,45,46,47</DeviceFirmwareName><IsNetDevice>0</IsNetDevice><Address>03</Address></DEVICE><DEVICE><DeviceName>CNCOMH-2I</DeviceName><DeviceCode>210</DeviceCode><DeviceHandle>64</DeviceHandle><DvcSymbolHandle>9</DvcSymbolHandle><DeviceLibraryName>CNCOMH-2I</DeviceLibraryName><SymbolTagName>Slot</SymbolTagName><WizardCateogry>1</WizardCateogry><DeviceSettableMode>2</DeviceSettableMode><DeviceFirmwareName>23,25</DeviceFirmwareName><IsNetDevice>0</IsNetDevice><Address>04</Address></DEVICE><DEVICE><DeviceName>ST-CP/Internal CNCOMH-2 Two-way serial driver</DeviceName><DeviceCode>211</DeviceCode><DeviceHandle>66</DeviceHandle><DvcSymbolHandle>10</DvcSymbolHandle><DeviceLibraryName>ST-CP/Internal CNCOMH-2 Two-way serial driver</DeviceLibraryName><SymbolTagName>Port</SymbolTagName><WizardCateogry>32</WizardCateogry><DeviceSettableMode>2</DeviceSettableMode><IsNetDevice>0</IsNetDevice><Address>A</Address></DEVICE><DEVICE><DeviceName>ST-CP/Internal CNCOMH-2 Two-way serial driver</DeviceName><DeviceCode>211</DeviceCode><DeviceHandle>68</DeviceHandle><DvcSymbolHandle>11</DvcSymbolHandle><DeviceLibraryName>ST-CP/Internal CNCOMH-2 Two-way serial driver</DeviceLibraryName><SymbolTagName>Port</SymbolTagName><WizardCateogry>32</WizardCateogry><DeviceSettableMode>2</DeviceSettableMode><IsNetDevice>0</IsNetDevice><Address>B</Address></DEVICE><DEVICE><DeviceName>NetDevice</DeviceName><DeviceCode>6</DeviceCode><DeviceHandle>78</DeviceHandle><DvcSymbolHandle>0</DvcSymbolHandle><DeviceLibraryName>NetDevice</DeviceLibraryName><SymbolTagName>Port</SymbolTagName><WizardCateogry>1</WizardCateogry><DeviceSettableMode>2</DeviceSettableMode><IsNetDevice>1</IsNetDevice><LocalOrRemote>Local</LocalOrRemote><Address>13</Address><AddressType>Cresnet</AddressType></DEVICE><DEVICE><DeviceName>CNCOMH-2</DeviceName><DeviceCode>28</DeviceCode><DeviceHandle>333</DeviceHandle><DvcSymbolHandle>12</DvcSymbolHandle><DeviceLibraryName>CNCOMH-2</DeviceLibraryName><SymbolTagName>Slot</SymbolTagName><WizardCateogry>1</WizardCateogry><DeviceSettableMode>2</DeviceSettableMode><DeviceFirmwareName>23,25</DeviceFirmwareName><IsNetDevice>0</IsNetDevice><Address>05</Address><AddressType>Cresnet</AddressType></DEVICE><DEVICE><DeviceName>XSIG From #1</DeviceName><DeviceCode>174</DeviceCode><DeviceHandle>335</DeviceHandle><DvcSymbolHandle>13</DvcSymbolHandle><DeviceLibraryName>CNCOMH-2 Two-way serial driver</DeviceLibraryName><SymbolTagName>Port</SymbolTagName><WizardCateogry>32</WizardCateogry><DeviceSettableMode>2</DeviceSettableMode><IsNetDevice>0</IsNetDevice><Address>A</Address><AddressType>Cresnet</AddressType></DEVICE><DEVICE><DeviceName>SPARE</DeviceName><DeviceCode>174</DeviceCode><DeviceHandle>337</DeviceHandle><DvcSymbolHandle>14</DvcSymbolHandle><DeviceLibraryName>CNCOMH-2 Two-way serial driver</DeviceLibraryName><SymbolTagName>Port</SymbolTagName><WizardCateogry>32</WizardCateogry><DeviceSettableMode>2</DeviceSettableMode><IsNetDevice>0</IsNetDevice><Address>B</Address><AddressType>Cresnet</AddressType></DEVICE><DEVICE><DeviceName>LC-3000</DeviceName><DeviceCode>47</DeviceCode><DeviceHandle>338</DeviceHandle><DvcSymbolHandle>15</DvcSymbolHandle><DeviceLibraryName>LC-3000</DeviceLibraryName><SymbolTagName>ID</SymbolTagName><WizardCateogry>2</WizardCateogry><DeviceSettableMode>16</DeviceSettableMode><DeviceFirmwareName>LC3000B,LC-3000V2</DeviceFirmwareName><IsNetDevice>1</IsNetDevice><LocalOrRemote>Local</LocalOrRemote><Address>03</Address><AddressType>Cresnet</AddressType></DEVICE><DEVICE><DeviceName>CNNETX</DeviceName><DeviceCode>151</DeviceCode><DeviceHandle>339</DeviceHandle><DvcSymbolHandle>16</DvcSymbolHandle><DeviceLibraryName>CNNETX</DeviceLibraryName><SymbolTagName>ID</SymbolTagName><WizardCateogry>1</WizardCateogry><DeviceSettableMode>2</DeviceSettableMode><DeviceFirmwareName>CNNETX</DeviceFirmwareName><IsNetDevice>1</IsNetDevice><LocalOrRemote>Local</LocalOrRemote><Address>0F</Address><AddressType>Cresnet</AddressType></DEVICE><DEVICE><DeviceName>CNLDM-6</DeviceName><DeviceCode>157</DeviceCode><DeviceHandle>340</DeviceHandle><DvcSymbolHandle>17</DvcSymbolHandle><DeviceLibraryName>CNLDM-6</DeviceLibraryName><SymbolTagName>ID</SymbolTagName><WizardCateogry>1</WizardCateogry><DeviceSettableMode>1</DeviceSettableMode><DeviceFirmwareName>CNLDM-6</DeviceFirmwareName><IsNetDevice>1</IsNetDevice><LocalOrRemote>Local</LocalOrRemote><Address>11</Address><AddressType>Cresnet</AddressType></DEVICE><DEVICE><DeviceName>IDimPort</DeviceName><DeviceCode>128</DeviceCode><DeviceHandle>342</DeviceHandle><DvcSymbolHandle>0</DvcSymbolHandle><DeviceLibraryName>IDimPort</DeviceLibraryName><SymbolTagName>ID</SymbolTagName><WizardCateogry>16</WizardCateogry><DeviceSettableMode>2</DeviceSettableMode><IsNetDevice>0</IsNetDevice><Address>01</Address><AddressType>Cresnet</AddressType></DEVICE><DEVICE><DeviceName>IDimPort</DeviceName><DeviceCode>128</DeviceCode><DeviceHandle>344</DeviceHandle><DvcSymbolHandle>0</DvcSymbolHandle><DeviceLibraryName>IDimPort</DeviceLibraryName><SymbolTagName>ID</SymbolTagName><WizardCateogry>16</WizardCateogry><DeviceSettableMode>2</DeviceSettableMode><IsNetDevice>0</IsNetDevice><Address>02</Address><AddressType>Cresnet</AddressType></DEVICE><DEVICE><DeviceName>IDimPort</DeviceName><DeviceCode>128</DeviceCode><DeviceHandle>346</DeviceHandle><DvcSymbolHandle>0</DvcSymbolHandle><DeviceLibraryName>IDimPort</DeviceLibraryName><SymbolTagName>ID</SymbolTagName><WizardCateogry>16</WizardCateogry><DeviceSettableMode>2</DeviceSettableMode><IsNetDevice>0</IsNetDevice><Address>03</Address><AddressType>Cresnet</AddressType></DEVICE><DEVICE><DeviceName>IDimPort</DeviceName><DeviceCode>128</DeviceCode><DeviceHandle>348</DeviceHandle><DvcSymbolHandle>0</DvcSymbolHandle><DeviceLibraryName>IDimPort</DeviceLibraryName><SymbolTagName>ID</SymbolTagName><WizardCateogry>16</WizardCateogry><DeviceSettableMode>2</DeviceSettableMode><IsNetDevice>0</IsNetDevice><Address>04</Address><AddressType>Cresnet</AddressType></DEVICE><DEVICE><DeviceName>IDimPort</DeviceName><DeviceCode>128</DeviceCode><DeviceHandle>350</DeviceHandle><DvcSymbolHandle>0</DvcSymbolHandle><DeviceLibraryName>IDimPort</DeviceLibraryName><SymbolTagName>ID</SymbolTagName><WizardCateogry>16</WizardCateogry><DeviceSettableMode>2</DeviceSettableMode><IsNetDevice>0</IsNetDevice><Address>05</Address><AddressType>Cresnet</AddressType></DEVICE><DEVICE><DeviceName>IDimPort</DeviceName><DeviceCode>128</DeviceCode><DeviceHandle>352</DeviceHandle><DvcSymbolHandle>0</DvcSymbolHandle><DeviceLibraryName>IDimPort</DeviceLibraryName><SymbolTagName>ID</SymbolTagName><WizardCateogry>16</WizardCateogry><DeviceSettableMode>2</DeviceSettableMode><IsNetDevice>0</IsNetDevice><Address>06</Address><AddressType>Cresnet</AddressType></DEVICE><DEVICE><DeviceName>CNLDM-6</DeviceName><DeviceCode>157</DeviceCode><DeviceHandle>353</DeviceHandle><DvcSymbolHandle>18</DvcSymbolHandle><DeviceLibraryName>CNLDM-6</DeviceLibraryName><SymbolTagName>ID</SymbolTagName><WizardCateogry>1</WizardCateogry><DeviceSettableMode>1</DeviceSettableMode><DeviceFirmwareName>CNLDM-6</DeviceFirmwareName><IsNetDevice>1</IsNetDevice><LocalOrRemote>Local</LocalOrRemote><Address>1A</Address><AddressType>Cresnet</AddressType></DEVICE><DEVICE><DeviceName>IDimPort</DeviceName><DeviceCode>128</DeviceCode><DeviceHandle>355</DeviceHandle><DvcSymbolHandle>0</DvcSymbolHandle><DeviceLibraryName>IDimPort</DeviceLibraryName><SymbolTagName>ID</SymbolTagName><WizardCateogry>16</WizardCateogry><DeviceSettableMode>2</DeviceSettableMode><IsNetDevice>0</IsNetDevice><Address>01</Address><AddressType>Cresnet</AddressType></DEVICE><DEVICE><DeviceName>IDimPort</DeviceName><DeviceCode>128</DeviceCode><DeviceHandle>357</DeviceHandle><DvcSymbolHandle>0</DvcSymbolHandle><DeviceLibraryName>IDimPort</DeviceLibraryName><SymbolTagName>ID</SymbolTagName><WizardCateogry>16</WizardCateogry><DeviceSettableMode>2</DeviceSettableMode><IsNetDevice>0</IsNetDevice><Address>02</Address><AddressType>Cresnet</AddressType></DEVICE><DEVICE><DeviceName>IDimPort</DeviceName><DeviceCode>128</DeviceCode><DeviceHandle>359</DeviceHandle><DvcSymbolHandle>0</DvcSymbolHandle><DeviceLibraryName>IDimPort</DeviceLibraryName><SymbolTagName>ID</SymbolTagName><WizardCateogry>16</WizardCateogry><DeviceSettableMode>2</DeviceSettableMode><IsNetDevice>0</IsNetDevice><Address>03</Address><AddressType>Cresnet</AddressType></DEVICE><DEVICE><DeviceName>IDimPort</DeviceName><DeviceCode>128</DeviceCode><DeviceHandle>361</DeviceHandle><DvcSymbolHandle>0</DvcSymbolHandle><DeviceLibraryName>IDimPort</DeviceLibraryName><SymbolTagName>ID</SymbolTagName><WizardCateogry>16</WizardCateogry><DeviceSettableMode>2</DeviceSettableMode><IsNetDevice>0</IsNetDevice><Address>04</Address><AddressType>Cresnet</AddressType></DEVICE><DEVICE><DeviceName>IDimPort</DeviceName><DeviceCode>128</DeviceCode><DeviceHandle>363</DeviceHandle><DvcSymbolHandle>0</DvcSymbolHandle><DeviceLibraryName>IDimPort</DeviceLibraryName><SymbolTagName>ID</SymbolTagName><WizardCateogry>16</WizardCateogry><DeviceSettableMode>2</DeviceSettableMode><IsNetDevice>0</IsNetDevice><Address>05</Address><AddressType>Cresnet</AddressType></DEVICE><DEVICE><DeviceName>IDimPort</DeviceName><DeviceCode>128</DeviceCode><DeviceHandle>365</DeviceHandle><DvcSymbolHandle>0</DvcSymbolHandle><DeviceLibraryName>IDimPort</DeviceLibraryName><SymbolTagName>ID</SymbolTagName><WizardCateogry>16</WizardCateogry><DeviceSettableMode>2</DeviceSettableMode><IsNetDevice>0</IsNetDevice><Address>06</Address><AddressType>Cresnet</AddressType></DEVICE><DEVICE><DeviceName>CNLDM-6</DeviceName><DeviceCode>157</DeviceCode><DeviceHandle>366</DeviceHandle><DvcSymbolHandle>19</DvcSymbolHandle><DeviceLibraryName>CNLDM-6</DeviceLibraryName><SymbolTagName>ID</SymbolTagName><WizardCateogry>1</WizardCateogry><DeviceSettableMode>1</DeviceSettableMode><DeviceFirmwareName>CNLDM-6</DeviceFirmwareName><IsNetDevice>1</IsNetDevice><LocalOrRemote>Local</LocalOrRemote><Address>1B</Address><AddressType>Cresnet</AddressType></DEVICE><DEVICE><DeviceName>IDimPort</DeviceName><DeviceCode>128</DeviceCode><DeviceHandle>368</DeviceHandle><DvcSymbolHandle>0</DvcSymbolHandle><DeviceLibraryName>IDimPort</DeviceLibraryName><SymbolTagName>ID</SymbolTagName><WizardCateogry>16</WizardCateogry><DeviceSettableMode>2</DeviceSettableMode><IsNetDevice>0</IsNetDevice><Address>01</Address><AddressType>Cresnet</AddressType></DEVICE><DEVICE><DeviceName>IDimPort</DeviceName><DeviceCode>128</DeviceCode><DeviceHandle>370</DeviceHandle><DvcSymbolHandle>0</DvcSymbolHandle><DeviceLibraryName>IDimPort</DeviceLibraryName><SymbolTagName>ID</SymbolTagName><WizardCateogry>16</WizardCateogry><DeviceSettableMode>2</DeviceSettableMode><IsNetDevice>0</IsNetDevice><Address>02</Address><AddressType>Cresnet</AddressType></DEVICE><DEVICE><DeviceName>IDimPort</DeviceName><DeviceCode>128</DeviceCode><DeviceHandle>372</DeviceHandle><DvcSymbolHandle>0</DvcSymbolHandle><DeviceLibraryName>IDimPort</DeviceLibraryName><SymbolTagName>ID</SymbolTagName><WizardCateogry>16</WizardCateogry><DeviceSettableMode>2</DeviceSettableMode><IsNetDevice>0</IsNetDevice><Address>03</Address><AddressType>Cresnet</AddressType></DEVICE><DEVICE><DeviceName>IDimPort</DeviceName><DeviceCode>128</DeviceCode><DeviceHandle>374</DeviceHandle><DvcSymbolHandle>0</DvcSymbolHandle><DeviceLibraryName>IDimPort</DeviceLibraryName><SymbolTagName>ID</SymbolTagName><WizardCateogry>16</WizardCateogry><DeviceSettableMode>2</DeviceSettableMode><IsNetDevice>0</IsNetDevice><Address>04</Address><AddressType>Cresnet</AddressType></DEVICE><DEVICE><DeviceName>IDimPort</DeviceName><DeviceCode>128</DeviceCode><DeviceHandle>376</DeviceHandle><DvcSymbolHandle>0</DvcSymbolHandle><DeviceLibraryName>IDimPort</DeviceLibraryName><SymbolTagName>ID</SymbolTagName><WizardCateogry>16</WizardCateogry><DeviceSettableMode>2</DeviceSettableMode><IsNetDevice>0</IsNetDevice><Address>05</Address><AddressType>Cresnet</AddressType></DEVICE><DEVICE><DeviceName>IDimPort</DeviceName><DeviceCode>128</DeviceCode><DeviceHandle>378</DeviceHandle><DvcSymbolHandle>0</DvcSymbolHandle><DeviceLibraryName>IDimPort</DeviceLibraryName><SymbolTagName>ID</SymbolTagName><WizardCateogry>16</WizardCateogry><DeviceSettableMode>2</DeviceSettableMode><IsNetDevice>0</IsNetDevice><Address>06</Address><AddressType>Cresnet</AddressType></DEVICE><DEVICE><DeviceName>CNLDM-6</DeviceName><DeviceCode>157</DeviceCode><DeviceHandle>379</DeviceHandle><DvcSymbolHandle>20</DvcSymbolHandle><DeviceLibraryName>CNLDM-6</DeviceLibraryName><SymbolTagName>ID</SymbolTagName><WizardCateogry>1</WizardCateogry><DeviceSettableMode>1</DeviceSettableMode><DeviceFirmwareName>CNLDM-6</DeviceFirmwareName><IsNetDevice>1</IsNetDevice><LocalOrRemote>Local</LocalOrRemote><Address>19</Address><AddressType>Cresnet</AddressType></DEVICE><DEVICE><DeviceName>IDimPort</DeviceName><DeviceCode>128</DeviceCode><DeviceHandle>381</DeviceHandle><DvcSymbolHandle>0</DvcSymbolHandle><DeviceLibraryName>IDimPort</DeviceLibraryName><SymbolTagName>ID</SymbolTagName><WizardCateogry>16</WizardCateogry><DeviceSettableMode>2</DeviceSettableMode><IsNetDevice>0</IsNetDevice><Address>01</Address><AddressType>Cresnet</AddressType></DEVICE><DEVICE><DeviceName>IDimPort</DeviceName><DeviceCode>128</DeviceCode><DeviceHandle>383</DeviceHandle><DvcSymbolHandle>0</DvcSymbolHandle><DeviceLibraryName>IDimPort</DeviceLibraryName><SymbolTagName>ID</SymbolTagName><WizardCateogry>16</WizardCateogry><DeviceSettableMode>2</DeviceSettableMode><IsNetDevice>0</IsNetDevice><Address>02</Address><AddressType>Cresnet</AddressType></DEVICE><DEVICE><DeviceName>IDimPort</DeviceName><DeviceCode>128</DeviceCode><DeviceHandle>385</DeviceHandle><DvcSymbolHandle>0</DvcSymbolHandle><DeviceLibraryName>IDimPort</DeviceLibraryName><SymbolTagName>ID</SymbolTagName><WizardCateogry>16</WizardCateogry><DeviceSettableMode>2</DeviceSettableMode><IsNetDevice>0</IsNetDevice><Address>03</Address><AddressType>Cresnet</AddressType></DEVICE><DEVICE><DeviceName>IDimPort</DeviceName><DeviceCode>128</DeviceCode><DeviceHandle>387</DeviceHandle><DvcSymbolHandle>0</DvcSymbolHandle><DeviceLibraryName>IDimPort</DeviceLibraryName><SymbolTagName>ID</SymbolTagName><WizardCateogry>16</WizardCateogry><DeviceSettableMode>2</DeviceSettableMode><IsNetDevice>0</IsNetDevice><Address>04</Address><AddressType>Cresnet</AddressType></DEVICE><DEVICE><DeviceName>IDimPort</DeviceName><DeviceCode>128</DeviceCode><DeviceHandle>389</DeviceHandle><DvcSymbolHandle>0</DvcSymbolHandle><DeviceLibraryName>IDimPort</DeviceLibraryName><SymbolTagName>ID</SymbolTagName><WizardCateogry>16</WizardCateogry><DeviceSettableMode>2</DeviceSettableMode><IsNetDevice>0</IsNetDevice><Address>05</Address><AddressType>Cresnet</AddressType></DEVICE><DEVICE><DeviceName>IDimPort</DeviceName><DeviceCode>128</DeviceCode><DeviceHandle>391</DeviceHandle><DvcSymbolHandle>0</DvcSymbolHandle><DeviceLibraryName>IDimPort</DeviceLibraryName><SymbolTagName>ID</SymbolTagName><WizardCateogry>16</WizardCateogry><DeviceSettableMode>2</DeviceSettableMode><IsNetDevice>0</IsNetDevice><Address>06</Address><AddressType>Cresnet</AddressType></DEVICE><DEVICE><DeviceName>CNLDM-6</DeviceName><DeviceCode>157</DeviceCode><DeviceHandle>392</DeviceHandle><DvcSymbolHandle>21</DvcSymbolHandle><DeviceLibraryName>CNLDM-6</DeviceLibraryName><SymbolTagName>ID</SymbolTagName><WizardCateogry>1</WizardCateogry><DeviceSettableMode>1</DeviceSettableMode><DeviceFirmwareName>CNLDM-6</DeviceFirmwareName><IsNetDevice>1</IsNetDevice><LocalOrRemote>Local</LocalOrRemote><Address>1D</Address><AddressType>Cresnet</AddressType></DEVICE><DEVICE><DeviceName>IDimPort</DeviceName><DeviceCode>128</DeviceCode><DeviceHandle>394</DeviceHandle><DvcSymbolHandle>0</DvcSymbolHandle><DeviceLibraryName>IDimPort</DeviceLibraryName><SymbolTagName>ID</SymbolTagName><WizardCateogry>16</WizardCateogry><DeviceSettableMode>2</DeviceSettableMode><IsNetDevice>0</IsNetDevice><Address>01</Address><AddressType>Cresnet</AddressType></DEVICE><DEVICE><DeviceName>IDimPort</DeviceName><DeviceCode>128</DeviceCode><DeviceHandle>396</DeviceHandle><DvcSymbolHandle>0</DvcSymbolHandle><DeviceLibraryName>IDimPort</DeviceLibraryName><SymbolTagName>ID</SymbolTagName><WizardCateogry>16</WizardCateogry><DeviceSettableMode>2</DeviceSettableMode><IsNetDevice>0</IsNetDevice><Address>02</Address><AddressType>Cresnet</AddressType></DEVICE><DEVICE><DeviceName>IDimPort</DeviceName><DeviceCode>128</DeviceCode><DeviceHandle>398</DeviceHandle><DvcSymbolHandle>0</DvcSymbolHandle><DeviceLibraryName>IDimPort</DeviceLibraryName><SymbolTagName>ID</SymbolTagName><WizardCateogry>16</WizardCateogry><DeviceSettableMode>2</DeviceSettableMode><IsNetDevice>0</IsNetDevice><Address>03</Address><AddressType>Cresnet</AddressType></DEVICE><DEVICE><DeviceName>IDimPort</DeviceName><DeviceCode>128</DeviceCode><DeviceHandle>400</DeviceHandle><DvcSymbolHandle>0</DvcSymbolHandle><DeviceLibraryName>IDimPort</DeviceLibraryName><SymbolTagName>ID</SymbolTagName><WizardCateogry>16</WizardCateogry><DeviceSettableMode>2</DeviceSettableMode><IsNetDevice>0</IsNetDevice><Address>04</Address><AddressType>Cresnet</AddressType></DEVICE><DEVICE><DeviceName>IDimPort</DeviceName><DeviceCode>128</DeviceCode><DeviceHandle>402</DeviceHandle><DvcSymbolHandle>0</DvcSymbolHandle><DeviceLibraryName>IDimPort</DeviceLibraryName><SymbolTagName>ID</SymbolTagName><WizardCateogry>16</WizardCateogry><DeviceSettableMode>2</DeviceSettableMode><IsNetDevice>0</IsNetDevice><Address>05</Address><AddressType>Cresnet</AddressType></DEVICE><DEVICE><DeviceName>IDimPort</DeviceName><DeviceCode>128</DeviceCode><DeviceHandle>404</DeviceHandle><DvcSymbolHandle>0</DvcSymbolHandle><DeviceLibraryName>IDimPort</DeviceLibraryName><SymbolTagName>ID</SymbolTagName><WizardCateogry>16</WizardCateogry><DeviceSettableMode>2</DeviceSettableMode><IsNetDevice>0</IsNetDevice><Address>06</Address><AddressType>Cresnet</AddressType></DEVICE><DEVICE><DeviceName>CNLDM-6</DeviceName><DeviceCode>157</DeviceCode><DeviceHandle>405</DeviceHandle><DvcSymbolHandle>22</DvcSymbolHandle><DeviceLibraryName>CNLDM-6</DeviceLibraryName><SymbolTagName>ID</SymbolTagName><WizardCateogry>1</WizardCateogry><DeviceSettableMode>1</DeviceSettableMode><DeviceFirmwareName>CNLDM-6</DeviceFirmwareName><IsNetDevice>1</IsNetDevice><LocalOrRemote>Local</LocalOrRemote><Address>1E</Address><AddressType>Cresnet</AddressType></DEVICE><DEVICE><DeviceName>IDimPort</DeviceName><DeviceCode>128</DeviceCode><DeviceHandle>407</DeviceHandle><DvcSymbolHandle>0</DvcSymbolHandle><DeviceLibraryName>IDimPort</DeviceLibraryName><SymbolTagName>ID</SymbolTagName><WizardCateogry>16</WizardCateogry><DeviceSettableMode>2</DeviceSettableMode><IsNetDevice>0</IsNetDevice><Address>01</Address><AddressType>Cresnet</AddressType></DEVICE><DEVICE><DeviceName>IDimPort</DeviceName><DeviceCode>128</DeviceCode><DeviceHandle>409</DeviceHandle><DvcSymbolHandle>0</DvcSymbolHandle><DeviceLibraryName>IDimPort</DeviceLibraryName><SymbolTagName>ID</SymbolTagName><WizardCateogry>16</WizardCateogry><DeviceSettableMode>2</DeviceSettableMode><IsNetDevice>0</IsNetDevice><Address>02</Address><AddressType>Cresnet</AddressType></DEVICE><DEVICE><DeviceName>IDimPort</DeviceName><DeviceCode>128</DeviceCode><DeviceHandle>411</DeviceHandle><DvcSymbolHandle>0</DvcSymbolHandle><DeviceLibraryName>IDimPort</DeviceLibraryName><SymbolTagName>ID</SymbolTagName><WizardCateogry>16</WizardCateogry><DeviceSettableMode>2</DeviceSettableMode><IsNetDevice>0</IsNetDevice><Address>03</Address><AddressType>Cresnet</AddressType></DEVICE><DEVICE><DeviceName>IDimPort</DeviceName><DeviceCode>128</DeviceCode><DeviceHandle>413</DeviceHandle><DvcSymbolHandle>0</DvcSymbolHandle><DeviceLibraryName>IDimPort</DeviceLibraryName><SymbolTagName>ID</SymbolTagName><WizardCateogry>16</WizardCateogry><DeviceSettableMode>2</DeviceSettableMode><IsNetDevice>0</IsNetDevice><Address>04</Address><AddressType>Cresnet</AddressType></DEVICE><DEVICE><DeviceName>IDimPort</DeviceName><DeviceCode>128</DeviceCode><DeviceHandle>415</DeviceHandle><DvcSymbolHandle>0</DvcSymbolHandle><DeviceLibraryName>IDimPort</DeviceLibraryName><SymbolTagName>ID</SymbolTagName><WizardCateogry>16</WizardCateogry><DeviceSettableMode>2</DeviceSettableMode><IsNetDevice>0</IsNetDevice><Address>05</Address><AddressType>Cresnet</AddressType></DEVICE><DEVICE><DeviceName>IDimPort</DeviceName><DeviceCode>128</DeviceCode><DeviceHandle>417</DeviceHandle><DvcSymbolHandle>0</DvcSymbolHandle><DeviceLibraryName>IDimPort</DeviceLibraryName><SymbolTagName>ID</SymbolTagName><WizardCateogry>16</WizardCateogry><DeviceSettableMode>2</DeviceSettableMode><IsNetDevice>0</IsNetDevice><Address>06</Address><AddressType>Cresnet</AddressType></DEVICE><DEVICE><DeviceName>CNLDM-6</DeviceName><DeviceCode>157</DeviceCode><DeviceHandle>418</DeviceHandle><DvcSymbolHandle>23</DvcSymbolHandle><DeviceLibraryName>CNLDM-6</DeviceLibraryName><SymbolTagName>ID</SymbolTagName><WizardCateogry>1</WizardCateogry><DeviceSettableMode>1</DeviceSettableMode><DeviceFirmwareName>CNLDM-6</DeviceFirmwareName><IsNetDevice>1</IsNetDevice><LocalOrRemote>Local</LocalOrRemote><Address>1F</Address><AddressType>Cresnet</AddressType></DEVICE><DEVICE><DeviceName>IDimPort</DeviceName><DeviceCode>128</DeviceCode><DeviceHandle>420</DeviceHandle><DvcSymbolHandle>0</DvcSymbolHandle><DeviceLibraryName>IDimPort</DeviceLibraryName><SymbolTagName>ID</SymbolTagName><WizardCateogry>16</WizardCateogry><DeviceSettableMode>2</DeviceSettableMode><IsNetDevice>0</IsNetDevice><Address>01</Address><AddressType>Cresnet</AddressType></DEVICE><DEVICE><DeviceName>IDimPort</DeviceName><DeviceCode>128</DeviceCode><DeviceHandle>422</DeviceHandle><DvcSymbolHandle>0</DvcSymbolHandle><DeviceLibraryName>IDimPort</DeviceLibraryName><SymbolTagName>ID</SymbolTagName><WizardCateogry>16</WizardCateogry><DeviceSettableMode>2</DeviceSettableMode><IsNetDevice>0</IsNetDevice><Address>02</Address><AddressType>Cresnet</AddressType></DEVICE><DEVICE><DeviceName>IDimPort</DeviceName><DeviceCode>128</DeviceCode><DeviceHandle>424</DeviceHandle><DvcSymbolHandle>0</DvcSymbolHandle><DeviceLibraryName>IDimPort</DeviceLibraryName><SymbolTagName>ID</SymbolTagName><WizardCateogry>16</WizardCateogry><DeviceSettableMode>2</DeviceSettableMode><IsNetDevice>0</IsNetDevice><Address>03</Address><AddressType>Cresnet</AddressType></DEVICE><DEVICE><DeviceName>IDimPort</DeviceName><DeviceCode>128</DeviceCode><DeviceHandle>426</DeviceHandle><DvcSymbolHandle>0</DvcSymbolHandle><DeviceLibraryName>IDimPort</DeviceLibraryName><SymbolTagName>ID</SymbolTagName><WizardCateogry>16</WizardCateogry><DeviceSettableMode>2</DeviceSettableMode><IsNetDevice>0</IsNetDevice><Address>04</Address><AddressType>Cresnet</AddressType></DEVICE><DEVICE><DeviceName>IDimPort</DeviceName><DeviceCode>128</DeviceCode><DeviceHandle>428</DeviceHandle><DvcSymbolHandle>0</DvcSymbolHandle><DeviceLibraryName>IDimPort</DeviceLibraryName><SymbolTagName>ID</SymbolTagName><WizardCateogry>16</WizardCateogry><DeviceSettableMode>2</DeviceSettableMode><IsNetDevice>0</IsNetDevice><Address>05</Address><AddressType>Cresnet</AddressType></DEVICE><DEVICE><DeviceName>IDimPort</DeviceName><DeviceCode>128</DeviceCode><DeviceHandle>430</DeviceHandle><DvcSymbolHandle>0</DvcSymbolHandle><DeviceLibraryName>IDimPort</DeviceLibraryName><SymbolTagName>ID</SymbolTagName><WizardCateogry>16</WizardCateogry><DeviceSettableMode>2</DeviceSettableMode><IsNetDevice>0</IsNetDevice><Address>06</Address><AddressType>Cresnet</AddressType></DEVICE><DEVICE><DeviceName>CNLDM-6</DeviceName><DeviceCode>157</DeviceCode><DeviceHandle>431</DeviceHandle><DvcSymbolHandle>24</DvcSymbolHandle><DeviceLibraryName>CNLDM-6</DeviceLibraryName><SymbolTagName>ID</SymbolTagName><WizardCateogry>1</WizardCateogry><DeviceSettableMode>1</DeviceSettableMode><DeviceFirmwareName>CNLDM-6</DeviceFirmwareName><IsNetDevice>1</IsNetDevice><LocalOrRemote>Local</LocalOrRemote><Address>20</Address><AddressType>Cresnet</AddressType></DEVICE><DEVICE><DeviceName>IDimPort</DeviceName><DeviceCode>128</DeviceCode><DeviceHandle>433</DeviceHandle><DvcSymbolHandle>0</DvcSymbolHandle><DeviceLibraryName>IDimPort</DeviceLibraryName><SymbolTagName>ID</SymbolTagName><WizardCateogry>16</WizardCateogry><DeviceSettableMode>2</DeviceSettableMode><IsNetDevice>0</IsNetDevice><Address>01</Address><AddressType>Cresnet</AddressType></DEVICE><DEVICE><DeviceName>IDimPort</DeviceName><DeviceCode>128</DeviceCode><DeviceHandle>435</DeviceHandle><DvcSymbolHandle>0</DvcSymbolHandle><DeviceLibraryName>IDimPort</DeviceLibraryName><SymbolTagName>ID</SymbolTagName><WizardCateogry>16</WizardCateogry><DeviceSettableMode>2</DeviceSettableMode><IsNetDevice>0</IsNetDevice><Address>02</Address><AddressType>Cresnet</AddressType></DEVICE><DEVICE><DeviceName>IDimPort</DeviceName><DeviceCode>128</DeviceCode><DeviceHandle>437</DeviceHandle><DvcSymbolHandle>0</DvcSymbolHandle><DeviceLibraryName>IDimPort</DeviceLibraryName><SymbolTagName>ID</SymbolTagName><WizardCateogry>16</WizardCateogry><DeviceSettableMode>2</DeviceSettableMode><IsNetDevice>0</IsNetDevice><Address>03</Address><AddressType>Cresnet</AddressType></DEVICE><DEVICE><DeviceName>IDimPort</DeviceName><DeviceCode>128</DeviceCode><DeviceHandle>439</DeviceHandle><DvcSymbolHandle>0</DvcSymbolHandle><DeviceLibraryName>IDimPort</DeviceLibraryName><SymbolTagName>ID</SymbolTagName><WizardCateogry>16</WizardCateogry><DeviceSettableMode>2</DeviceSettableMode><IsNetDevice>0</IsNetDevice><Address>04</Address><AddressType>Cresnet</AddressType></DEVICE><DEVICE><DeviceName>IDimPort</DeviceName><DeviceCode>128</DeviceCode><DeviceHandle>441</DeviceHandle><DvcSymbolHandle>0</DvcSymbolHandle><DeviceLibraryName>IDimPort</DeviceLibraryName><SymbolTagName>ID</SymbolTagName><WizardCateogry>16</WizardCateogry><DeviceSettableMode>2</DeviceSettableMode><IsNetDevice>0</IsNetDevice><Address>05</Address><AddressType>Cresnet</AddressType></DEVICE><DEVICE><DeviceName>IDimPort</DeviceName><DeviceCode>128</DeviceCode><DeviceHandle>443</DeviceHandle><DvcSymbolHandle>0</DvcSymbolHandle><DeviceLibraryName>IDimPort</DeviceLibraryName><SymbolTagName>ID</SymbolTagName><WizardCateogry>16</WizardCateogry><DeviceSettableMode>2</DeviceSettableMode><IsNetDevice>0</IsNetDevice><Address>06</Address><AddressType>Cresnet</AddressType></DEVICE><DEVICE><DeviceName>CNLDM-6</DeviceName><DeviceCode>157</DeviceCode><DeviceHandle>444</DeviceHandle><DvcSymbolHandle>25</DvcSymbolHandle><DeviceLibraryName>CNLDM-6</DeviceLibraryName><SymbolTagName>ID</SymbolTagName><WizardCateogry>1</WizardCateogry><DeviceSettableMode>1</DeviceSettableMode><DeviceFirmwareName>CNLDM-6</DeviceFirmwareName><IsNetDevice>1</IsNetDevice><LocalOrRemote>Local</LocalOrRemote><Address>21</Address><AddressType>Cresnet</AddressType></DEVICE><DEVICE><DeviceName>IDimPort</DeviceName><DeviceCode>128</DeviceCode><DeviceHandle>446</DeviceHandle><DvcSymbolHandle>0</DvcSymbolHandle><DeviceLibraryName>IDimPort</DeviceLibraryName><SymbolTagName>ID</SymbolTagName><WizardCateogry>16</WizardCateogry><DeviceSettableMode>2</DeviceSettableMode><IsNetDevice>0</IsNetDevice><Address>01</Address><AddressType>Cresnet</AddressType></DEVICE><DEVICE><DeviceName>IDimPort</DeviceName><DeviceCode>128</DeviceCode><DeviceHandle>448</DeviceHandle><DvcSymbolHandle>0</DvcSymbolHandle><DeviceLibraryName>IDimPort</DeviceLibraryName><SymbolTagName>ID</SymbolTagName><WizardCateogry>16</WizardCateogry><DeviceSettableMode>2</DeviceSettableMode><IsNetDevice>0</IsNetDevice><Address>02</Address><AddressType>Cresnet</AddressType></DEVICE><DEVICE><DeviceName>IDimPort</DeviceName><DeviceCode>128</DeviceCode><DeviceHandle>450</DeviceHandle><DvcSymbolHandle>0</DvcSymbolHandle><DeviceLibraryName>IDimPort</DeviceLibraryName><SymbolTagName>ID</SymbolTagName><WizardCateogry>16</WizardCateogry><DeviceSettableMode>2</DeviceSettableMode><IsNetDevice>0</IsNetDevice><Address>03</Address><AddressType>Cresnet</AddressType></DEVICE><DEVICE><DeviceName>IDimPort</DeviceName><DeviceCode>128</DeviceCode><DeviceHandle>452</DeviceHandle><DvcSymbolHandle>0</DvcSymbolHandle><DeviceLibraryName>IDimPort</DeviceLibraryName><SymbolTagName>ID</SymbolTagName><WizardCateogry>16</WizardCateogry><DeviceSettableMode>2</DeviceSettableMode><IsNetDevice>0</IsNetDevice><Address>04</Address><AddressType>Cresnet</AddressType></DEVICE><DEVICE><DeviceName>IDimPort</DeviceName><DeviceCode>128</DeviceCode><DeviceHandle>454</DeviceHandle><DvcSymbolHandle>0</DvcSymbolHandle><DeviceLibraryName>IDimPort</DeviceLibraryName><SymbolTagName>ID</SymbolTagName><WizardCateogry>16</WizardCateogry><DeviceSettableMode>2</DeviceSettableMode><IsNetDevice>0</IsNetDevice><Address>05</Address><AddressType>Cresnet</AddressType></DEVICE><DEVICE><DeviceName>IDimPort</DeviceName><DeviceCode>128</DeviceCode><DeviceHandle>456</DeviceHandle><DvcSymbolHandle>0</DvcSymbolHandle><DeviceLibraryName>IDimPort</DeviceLibraryName><SymbolTagName>ID</SymbolTagName><WizardCateogry>16</WizardCateogry><DeviceSettableMode>2</DeviceSettableMode><IsNetDevice>0</IsNetDevice><Address>06</Address><AddressType>Cresnet</AddressType></DEVICE><DEVICE><DeviceName>CNLDM-6</DeviceName><DeviceCode>157</DeviceCode><DeviceHandle>457</DeviceHandle><DvcSymbolHandle>26</DvcSymbolHandle><DeviceLibraryName>CNLDM-6</DeviceLibraryName><SymbolTagName>ID</SymbolTagName><WizardCateogry>1</WizardCateogry><DeviceSettableMode>1</DeviceSettableMode><DeviceFirmwareName>CNLDM-6</DeviceFirmwareName><IsNetDevice>1</IsNetDevice><LocalOrRemote>Local</LocalOrRemote><Address>22</Address><AddressType>Cresnet</AddressType></DEVICE><DEVICE><DeviceName>IDimPort</DeviceName><DeviceCode>128</DeviceCode><DeviceHandle>459</DeviceHandle><DvcSymbolHandle>0</DvcSymbolHandle><DeviceLibraryName>IDimPort</DeviceLibraryName><SymbolTagName>ID</SymbolTagName><WizardCateogry>16</WizardCateogry><DeviceSettableMode>2</DeviceSettableMode><IsNetDevice>0</IsNetDevice><Address>01</Address><AddressType>Cresnet</AddressType></DEVICE><DEVICE><DeviceName>IDimPort</DeviceName><DeviceCode>128</DeviceCode><DeviceHandle>461</DeviceHandle><DvcSymbolHandle>0</DvcSymbolHandle><DeviceLibraryName>IDimPort</DeviceLibraryName><SymbolTagName>ID</SymbolTagName><WizardCateogry>16</WizardCateogry><DeviceSettableMode>2</DeviceSettableMode><IsNetDevice>0</IsNetDevice><Address>02</Address><AddressType>Cresnet</AddressType></DEVICE><DEVICE><DeviceName>IDimPort</DeviceName><DeviceCode>128</DeviceCode><DeviceHandle>463</DeviceHandle><DvcSymbolHandle>0</DvcSymbolHandle><DeviceLibraryName>IDimPort</DeviceLibraryName><SymbolTagName>ID</SymbolTagName><WizardCateogry>16</WizardCateogry><DeviceSettableMode>2</DeviceSettableMode><IsNetDevice>0</IsNetDevice><Address>03</Address><AddressType>Cresnet</AddressType></DEVICE><DEVICE><DeviceName>IDimPort</DeviceName><DeviceCode>128</DeviceCode><DeviceHandle>465</DeviceHandle><DvcSymbolHandle>0</DvcSymbolHandle><DeviceLibraryName>IDimPort</DeviceLibraryName><SymbolTagName>ID</SymbolTagName><WizardCateogry>16</WizardCateogry><DeviceSettableMode>2</DeviceSettableMode><IsNetDevice>0</IsNetDevice><Address>04</Address><AddressType>Cresnet</AddressType></DEVICE><DEVICE><DeviceName>IDimPort</DeviceName><DeviceCode>128</DeviceCode><DeviceHandle>467</DeviceHandle><DvcSymbolHandle>0</DvcSymbolHandle><DeviceLibraryName>IDimPort</DeviceLibraryName><SymbolTagName>ID</SymbolTagName><WizardCateogry>16</WizardCateogry><DeviceSettableMode>2</DeviceSettableMode><IsNetDevice>0</IsNetDevice><Address>05</Address><AddressType>Cresnet</AddressType></DEVICE><DEVICE><DeviceName>IDimPort</DeviceName><DeviceCode>128</DeviceCode><DeviceHandle>469</DeviceHandle><DvcSymbolHandle>0</DvcSymbolHandle><DeviceLibraryName>IDimPort</DeviceLibraryName><SymbolTagName>ID</SymbolTagName><WizardCateogry>16</WizardCateogry><DeviceSettableMode>2</DeviceSettableMode><IsNetDevice>0</IsNetDevice><Address>06</Address><AddressType>Cresnet</AddressType></DEVICE><DEVICE><DeviceName>CNLDM-6</DeviceName><DeviceCode>157</DeviceCode><DeviceHandle>470</DeviceHandle><DvcSymbolHandle>27</DvcSymbolHandle><DeviceLibraryName>CNLDM-6</DeviceLibraryName><SymbolTagName>ID</SymbolTagName><WizardCateogry>1</WizardCateogry><DeviceSettableMode>1</DeviceSettableMode><DeviceFirmwareName>CNLDM-6</DeviceFirmwareName><IsNetDevice>1</IsNetDevice><LocalOrRemote>Local</LocalOrRemote><Address>23</Address><AddressType>Cresnet</AddressType></DEVICE><DEVICE><DeviceName>IDimPort</DeviceName><DeviceCode>128</DeviceCode><DeviceHandle>472</DeviceHandle><DvcSymbolHandle>0</DvcSymbolHandle><DeviceLibraryName>IDimPort</DeviceLibraryName><SymbolTagName>ID</SymbolTagName><WizardCateogry>16</WizardCateogry><DeviceSettableMode>2</DeviceSettableMode><IsNetDevice>0</IsNetDevice><Address>01</Address><AddressType>Cresnet</AddressType></DEVICE><DEVICE><DeviceName>IDimPort</DeviceName><DeviceCode>128</DeviceCode><DeviceHandle>474</DeviceHandle><DvcSymbolHandle>0</DvcSymbolHandle><DeviceLibraryName>IDimPort</DeviceLibraryName><SymbolTagName>ID</SymbolTagName><WizardCateogry>16</WizardCateogry><DeviceSettableMode>2</DeviceSettableMode><IsNetDevice>0</IsNetDevice><Address>02</Address><AddressType>Cresnet</AddressType></DEVICE><DEVICE><DeviceName>IDimPort</DeviceName><DeviceCode>128</DeviceCode><DeviceHandle>476</DeviceHandle><DvcSymbolHandle>0</DvcSymbolHandle><DeviceLibraryName>IDimPort</DeviceLibraryName><SymbolTagName>ID</SymbolTagName><WizardCateogry>16</WizardCateogry><DeviceSettableMode>2</DeviceSettableMode><IsNetDevice>0</IsNetDevice><Address>03</Address><AddressType>Cresnet</AddressType></DEVICE><DEVICE><DeviceName>IDimPort</DeviceName><DeviceCode>128</DeviceCode><DeviceHandle>478</DeviceHandle><DvcSymbolHandle>0</DvcSymbolHandle><DeviceLibraryName>IDimPort</DeviceLibraryName><SymbolTagName>ID</SymbolTagName><WizardCateogry>16</WizardCateogry><DeviceSettableMode>2</DeviceSettableMode><IsNetDevice>0</IsNetDevice><Address>04</Address><AddressType>Cresnet</AddressType></DEVICE><DEVICE><DeviceName>IDimPort</DeviceName><DeviceCode>128</DeviceCode><DeviceHandle>480</DeviceHandle><DvcSymbolHandle>0</DvcSymbolHandle><DeviceLibraryName>IDimPort</DeviceLibraryName><SymbolTagName>ID</SymbolTagName><WizardCateogry>16</WizardCateogry><DeviceSettableMode>2</DeviceSettableMode><IsNetDevice>0</IsNetDevice><Address>05</Address><AddressType>Cresnet</AddressType></DEVICE><DEVICE><DeviceName>IDimPort</DeviceName><DeviceCode>128</DeviceCode><DeviceHandle>482</DeviceHandle><DvcSymbolHandle>0</DvcSymbolHandle><DeviceLibraryName>IDimPort</DeviceLibraryName><SymbolTagName>ID</SymbolTagName><WizardCateogry>16</WizardCateogry><DeviceSettableMode>2</DeviceSettableMode><IsNetDevice>0</IsNetDevice><Address>06</Address><AddressType>Cresnet</AddressType></DEVICE><DEVICE><DeviceName>CNLDM-6</DeviceName><DeviceCode>157</DeviceCode><DeviceHandle>483</DeviceHandle><DvcSymbolHandle>28</DvcSymbolHandle><DeviceLibraryName>CNLDM-6</DeviceLibraryName><SymbolTagName>ID</SymbolTagName><WizardCateogry>1</WizardCateogry><DeviceSettableMode>1</DeviceSettableMode><DeviceFirmwareName>CNLDM-6</DeviceFirmwareName><IsNetDevice>1</IsNetDevice><LocalOrRemote>Local</LocalOrRemote><Address>24</Address><AddressType>Cresnet</AddressType></DEVICE><DEVICE><DeviceName>IDimPort</DeviceName><DeviceCode>128</DeviceCode><DeviceHandle>485</DeviceHandle><DvcSymbolHandle>0</DvcSymbolHandle><DeviceLibraryName>IDimPort</DeviceLibraryName><SymbolTagName>ID</SymbolTagName><WizardCateogry>16</WizardCateogry><DeviceSettableMode>2</DeviceSettableMode><IsNetDevice>0</IsNetDevice><Address>01</Address><AddressType>Cresnet</AddressType></DEVICE><DEVICE><DeviceName>IDimPort</DeviceName><DeviceCode>128</DeviceCode><DeviceHandle>487</DeviceHandle><DvcSymbolHandle>0</DvcSymbolHandle><DeviceLibraryName>IDimPort</DeviceLibraryName><SymbolTagName>ID</SymbolTagName><WizardCateogry>16</WizardCateogry><DeviceSettableMode>2</DeviceSettableMode><IsNetDevice>0</IsNetDevice><Address>02</Address><AddressType>Cresnet</AddressType></DEVICE><DEVICE><DeviceName>IDimPort</DeviceName><DeviceCode>128</DeviceCode><DeviceHandle>489</DeviceHandle><DvcSymbolHandle>0</DvcSymbolHandle><DeviceLibraryName>IDimPort</DeviceLibraryName><SymbolTagName>ID</SymbolTagName><WizardCateogry>16</WizardCateogry><DeviceSettableMode>2</DeviceSettableMode><IsNetDevice>0</IsNetDevice><Address>03</Address><AddressType>Cresnet</AddressType></DEVICE><DEVICE><DeviceName>IDimPort</DeviceName><DeviceCode>128</DeviceCode><DeviceHandle>491</DeviceHandle><DvcSymbolHandle>0</DvcSymbolHandle><DeviceLibraryName>IDimPort</DeviceLibraryName><SymbolTagName>ID</SymbolTagName><WizardCateogry>16</WizardCateogry><DeviceSettableMode>2</DeviceSettableMode><IsNetDevice>0</IsNetDevice><Address>04</Address><AddressType>Cresnet</AddressType></DEVICE><DEVICE><DeviceName>IDimPort</DeviceName><DeviceCode>128</DeviceCode><DeviceHandle>493</DeviceHandle><DvcSymbolHandle>0</DvcSymbolHandle><DeviceLibraryName>IDimPort</DeviceLibraryName><SymbolTagName>ID</SymbolTagName><WizardCateogry>16</WizardCateogry><DeviceSettableMode>2</DeviceSettableMode><IsNetDevice>0</IsNetDevice><Address>05</Address><AddressType>Cresnet</AddressType></DEVICE><DEVICE><DeviceName>IDimPort</DeviceName><DeviceCode>128</DeviceCode><DeviceHandle>495</DeviceHandle><DvcSymbolHandle>0</DvcSymbolHandle><DeviceLibraryName>IDimPort</DeviceLibraryName><SymbolTagName>ID</SymbolTagName><WizardCateogry>16</WizardCateogry><DeviceSettableMode>2</DeviceSettableMode><IsNetDevice>0</IsNetDevice><Address>06</Address><AddressType>Cresnet</AddressType></DEVICE><DEVICE><DeviceName>CNLDM-6</DeviceName><DeviceCode>157</DeviceCode><DeviceHandle>496</DeviceHandle><DvcSymbolHandle>29</DvcSymbolHandle><DeviceLibraryName>CNLDM-6</DeviceLibraryName><SymbolTagName>ID</SymbolTagName><WizardCateogry>1</WizardCateogry><DeviceSettableMode>1</DeviceSettableMode><DeviceFirmwareName>CNLDM-6</DeviceFirmwareName><IsNetDevice>1</IsNetDevice><LocalOrRemote>Local</LocalOrRemote><Address>1C</Address><AddressType>Cresnet</AddressType></DEVICE><DEVICE><DeviceName>IDimPort</DeviceName><DeviceCode>128</DeviceCode><DeviceHandle>498</DeviceHandle><DvcSymbolHandle>0</DvcSymbolHandle><DeviceLibraryName>IDimPort</DeviceLibraryName><SymbolTagName>ID</SymbolTagName><WizardCateogry>16</WizardCateogry><DeviceSettableMode>2</DeviceSettableMode><IsNetDevice>0</IsNetDevice><Address>01</Address><AddressType>Cresnet</AddressType></DEVICE><DEVICE><DeviceName>IDimPort</DeviceName><DeviceCode>128</DeviceCode><DeviceHandle>500</DeviceHandle><DvcSymbolHandle>0</DvcSymbolHandle><DeviceLibraryName>IDimPort</DeviceLibraryName><SymbolTagName>ID</SymbolTagName><WizardCateogry>16</WizardCateogry><DeviceSettableMode>2</DeviceSettableMode><IsNetDevice>0</IsNetDevice><Address>02</Address><AddressType>Cresnet</AddressType></DEVICE><DEVICE><DeviceName>IDimPort</DeviceName><DeviceCode>128</DeviceCode><DeviceHandle>502</DeviceHandle><DvcSymbolHandle>0</DvcSymbolHandle><DeviceLibraryName>IDimPort</DeviceLibraryName><SymbolTagName>ID</SymbolTagName><WizardCateogry>16</WizardCateogry><DeviceSettableMode>2</DeviceSettableMode><IsNetDevice>0</IsNetDevice><Address>03</Address><AddressType>Cresnet</AddressType></DEVICE><DEVICE><DeviceName>IDimPort</DeviceName><DeviceCode>128</DeviceCode><DeviceHandle>504</DeviceHandle><DvcSymbolHandle>0</DvcSymbolHandle><DeviceLibraryName>IDimPort</DeviceLibraryName><SymbolTagName>ID</SymbolTagName><WizardCateogry>16</WizardCateogry><DeviceSettableMode>2</DeviceSettableMode><IsNetDevice>0</IsNetDevice><Address>04</Address><AddressType>Cresnet</AddressType></DEVICE><DEVICE><DeviceName>IDimPort</DeviceName><DeviceCode>128</DeviceCode><DeviceHandle>506</DeviceHandle><DvcSymbolHandle>0</DvcSymbolHandle><DeviceLibraryName>IDimPort</DeviceLibraryName><SymbolTagName>ID</SymbolTagName><WizardCateogry>16</WizardCateogry><DeviceSettableMode>2</DeviceSettableMode><IsNetDevice>0</IsNetDevice><Address>05</Address><AddressType>Cresnet</AddressType></DEVICE><DEVICE><DeviceName>IDimPort</DeviceName><DeviceCode>128</DeviceCode><DeviceHandle>508</DeviceHandle><DvcSymbolHandle>0</DvcSymbolHandle><DeviceLibraryName>IDimPort</DeviceLibraryName><SymbolTagName>ID</SymbolTagName><WizardCateogry>16</WizardCateogry><DeviceSettableMode>2</DeviceSettableMode><IsNetDevice>0</IsNetDevice><Address>06</Address><AddressType>Cresnet</AddressType></DEVICE><DEVICE><DeviceName>CNLDM-6</DeviceName><DeviceCode>157</DeviceCode><DeviceHandle>509</DeviceHandle><DvcSymbolHandle>30</DvcSymbolHandle><DeviceLibraryName>CNLDM-6</DeviceLibraryName><SymbolTagName>ID</SymbolTagName><WizardCateogry>1</WizardCateogry><DeviceSettableMode>1</DeviceSettableMode><DeviceFirmwareName>CNLDM-6</DeviceFirmwareName><IsNetDevice>1</IsNetDevice><LocalOrRemote>Local</LocalOrRemote><Address>12</Address><AddressType>Cresnet</AddressType></DEVICE><DEVICE><DeviceName>IDimPort</DeviceName><DeviceCode>128</DeviceCode><DeviceHandle>511</DeviceHandle><DvcSymbolHandle>0</DvcSymbolHandle><DeviceLibraryName>IDimPort</DeviceLibraryName><SymbolTagName>ID</SymbolTagName><WizardCateogry>16</WizardCateogry><DeviceSettableMode>2</DeviceSettableMode><IsNetDevice>0</IsNetDevice><Address>01</Address><AddressType>Cresnet</AddressType></DEVICE><DEVICE><DeviceName>IDimPort</DeviceName><DeviceCode>128</DeviceCode><DeviceHandle>513</DeviceHandle><DvcSymbolHandle>0</DvcSymbolHandle><DeviceLibraryName>IDimPort</DeviceLibraryName><SymbolTagName>ID</SymbolTagName><WizardCateogry>16</WizardCateogry><DeviceSettableMode>2</DeviceSettableMode><IsNetDevice>0</IsNetDevice><Address>02</Address><AddressType>Cresnet</AddressType></DEVICE><DEVICE><DeviceName>IDimPort</DeviceName><DeviceCode>128</DeviceCode><DeviceHandle>515</DeviceHandle><DvcSymbolHandle>0</DvcSymbolHandle><DeviceLibraryName>IDimPort</DeviceLibraryName><SymbolTagName>ID</SymbolTagName><WizardCateogry>16</WizardCateogry><DeviceSettableMode>2</DeviceSettableMode><IsNetDevice>0</IsNetDevice><Address>03</Address><AddressType>Cresnet</AddressType></DEVICE><DEVICE><DeviceName>IDimPort</DeviceName><DeviceCode>128</DeviceCode><DeviceHandle>517</DeviceHandle><DvcSymbolHandle>0</DvcSymbolHandle><DeviceLibraryName>IDimPort</DeviceLibraryName><SymbolTagName>ID</SymbolTagName><WizardCateogry>16</WizardCateogry><DeviceSettableMode>2</DeviceSettableMode><IsNetDevice>0</IsNetDevice><Address>04</Address><AddressType>Cresnet</AddressType></DEVICE><DEVICE><DeviceName>IDimPort</DeviceName><DeviceCode>128</DeviceCode><DeviceHandle>519</DeviceHandle><DvcSymbolHandle>0</DvcSymbolHandle><DeviceLibraryName>IDimPort</DeviceLibraryName><SymbolTagName>ID</SymbolTagName><WizardCateogry>16</WizardCateogry><DeviceSettableMode>2</DeviceSettableMode><IsNetDevice>0</IsNetDevice><Address>05</Address><AddressType>Cresnet</AddressType></DEVICE><DEVICE><DeviceName>IDimPort</DeviceName><DeviceCode>128</DeviceCode><DeviceHandle>521</DeviceHandle><DvcSymbolHandle>0</DvcSymbolHandle><DeviceLibraryName>IDimPort</DeviceLibraryName><SymbolTagName>ID</SymbolTagName><WizardCateogry>16</WizardCateogry><DeviceSettableMode>2</DeviceSettableMode><IsNetDevice>0</IsNetDevice><Address>06</Address><AddressType>Cresnet</AddressType></DEVICE><DEVICE><DeviceName>CNLDM-6</DeviceName><DeviceCode>157</DeviceCode><DeviceHandle>522</DeviceHandle><DvcSymbolHandle>31</DvcSymbolHandle><DeviceLibraryName>CNLDM-6</DeviceLibraryName><SymbolTagName>ID</SymbolTagName><WizardCateogry>1</WizardCateogry><DeviceSettableMode>1</DeviceSettableMode><DeviceFirmwareName>CNLDM-6</DeviceFirmwareName><IsNetDevice>1</IsNetDevice><LocalOrRemote>Local</LocalOrRemote><Address>13</Address><AddressType>Cresnet</AddressType></DEVICE><DEVICE><DeviceName>IDimPort</DeviceName><DeviceCode>128</DeviceCode><DeviceHandle>524</DeviceHandle><DvcSymbolHandle>0</DvcSymbolHandle><DeviceLibraryName>IDimPort</DeviceLibraryName><SymbolTagName>ID</SymbolTagName><WizardCateogry>16</WizardCateogry><DeviceSettableMode>2</DeviceSettableMode><IsNetDevice>0</IsNetDevice><Address>01</Address><AddressType>Cresnet</AddressType></DEVICE><DEVICE><DeviceName>IDimPort</DeviceName><DeviceCode>128</DeviceCode><DeviceHandle>526</DeviceHandle><DvcSymbolHandle>0</DvcSymbolHandle><DeviceLibraryName>IDimPort</DeviceLibraryName><SymbolTagName>ID</SymbolTagName><WizardCateogry>16</WizardCateogry><DeviceSettableMode>2</DeviceSettableMode><IsNetDevice>0</IsNetDevice><Address>02</Address><AddressType>Cresnet</AddressType></DEVICE><DEVICE><DeviceName>IDimPort</DeviceName><DeviceCode>128</DeviceCode><DeviceHandle>528</DeviceHandle><DvcSymbolHandle>0</DvcSymbolHandle><DeviceLibraryName>IDimPort</DeviceLibraryName><SymbolTagName>ID</SymbolTagName><WizardCateogry>16</WizardCateogry><DeviceSettableMode>2</DeviceSettableMode><IsNetDevice>0</IsNetDevice><Address>03</Address><AddressType>Cresnet</AddressType></DEVICE><DEVICE><DeviceName>IDimPort</DeviceName><DeviceCode>128</DeviceCode><DeviceHandle>530</DeviceHandle><DvcSymbolHandle>0</DvcSymbolHandle><DeviceLibraryName>IDimPort</DeviceLibraryName><SymbolTagName>ID</SymbolTagName><WizardCateogry>16</WizardCateogry><DeviceSettableMode>2</DeviceSettableMode><IsNetDevice>0</IsNetDevice><Address>04</Address><AddressType>Cresnet</AddressType></DEVICE><DEVICE><DeviceName>IDimPort</DeviceName><DeviceCode>128</DeviceCode><DeviceHandle>532</DeviceHandle><DvcSymbolHandle>0</DvcSymbolHandle><DeviceLibraryName>IDimPort</DeviceLibraryName><SymbolTagName>ID</SymbolTagName><WizardCateogry>16</WizardCateogry><DeviceSettableMode>2</DeviceSettableMode><IsNetDevice>0</IsNetDevice><Address>05</Address><AddressType>Cresnet</AddressType></DEVICE><DEVICE><DeviceName>IDimPort</DeviceName><DeviceCode>128</DeviceCode><DeviceHandle>534</DeviceHandle><DvcSymbolHandle>0</DvcSymbolHandle><DeviceLibraryName>IDimPort</DeviceLibraryName><SymbolTagName>ID</SymbolTagName><WizardCateogry>16</WizardCateogry><DeviceSettableMode>2</DeviceSettableMode><IsNetDevice>0</IsNetDevice><Address>06</Address><AddressType>Cresnet</AddressType></DEVICE><DEVICE><DeviceName>CNLDM-6</DeviceName><DeviceCode>157</DeviceCode><DeviceHandle>535</DeviceHandle><DvcSymbolHandle>32</DvcSymbolHandle><DeviceLibraryName>CNLDM-6</DeviceLibraryName><SymbolTagName>ID</SymbolTagName><WizardCateogry>1</WizardCateogry><DeviceSettableMode>1</DeviceSettableMode><DeviceFirmwareName>CNLDM-6</DeviceFirmwareName><IsNetDevice>1</IsNetDevice><LocalOrRemote>Local</LocalOrRemote><Address>14</Address><AddressType>Cresnet</AddressType></DEVICE><DEVICE><DeviceName>IDimPort</DeviceName><DeviceCode>128</DeviceCode><DeviceHandle>537</DeviceHandle><DvcSymbolHandle>0</DvcSymbolHandle><DeviceLibraryName>IDimPort</DeviceLibraryName><SymbolTagName>ID</SymbolTagName><WizardCateogry>16</WizardCateogry><DeviceSettableMode>2</DeviceSettableMode><IsNetDevice>0</IsNetDevice><Address>01</Address><AddressType>Cresnet</AddressType></DEVICE><DEVICE><DeviceName>IDimPort</DeviceName><DeviceCode>128</DeviceCode><DeviceHandle>539</DeviceHandle><DvcSymbolHandle>0</DvcSymbolHandle><DeviceLibraryName>IDimPort</DeviceLibraryName><SymbolTagName>ID</SymbolTagName><WizardCateogry>16</WizardCateogry><DeviceSettableMode>2</DeviceSettableMode><IsNetDevice>0</IsNetDevice><Address>02</Address><AddressType>Cresnet</AddressType></DEVICE><DEVICE><DeviceName>IDimPort</DeviceName><DeviceCode>128</DeviceCode><DeviceHandle>541</DeviceHandle><DvcSymbolHandle>0</DvcSymbolHandle><DeviceLibraryName>IDimPort</DeviceLibraryName><SymbolTagName>ID</SymbolTagName><WizardCateogry>16</WizardCateogry><DeviceSettableMode>2</DeviceSettableMode><IsNetDevice>0</IsNetDevice><Address>03</Address><AddressType>Cresnet</AddressType></DEVICE><DEVICE><DeviceName>IDimPort</DeviceName><DeviceCode>128</DeviceCode><DeviceHandle>543</DeviceHandle><DvcSymbolHandle>0</DvcSymbolHandle><DeviceLibraryName>IDimPort</DeviceLibraryName><SymbolTagName>ID</SymbolTagName><WizardCateogry>16</WizardCateogry><DeviceSettableMode>2</DeviceSettableMode><IsNetDevice>0</IsNetDevice><Address>04</Address><AddressType>Cresnet</AddressType></DEVICE><DEVICE><DeviceName>IDimPort</DeviceName><DeviceCode>128</DeviceCode><DeviceHandle>545</DeviceHandle><DvcSymbolHandle>0</DvcSymbolHandle><DeviceLibraryName>IDimPort</DeviceLibraryName><SymbolTagName>ID</SymbolTagName><WizardCateogry>16</WizardCateogry><DeviceSettableMode>2</DeviceSettableMode><IsNetDevice>0</IsNetDevice><Address>05</Address><AddressType>Cresnet</AddressType></DEVICE><DEVICE><DeviceName>IDimPort</DeviceName><DeviceCode>128</DeviceCode><DeviceHandle>547</DeviceHandle><DvcSymbolHandle>0</DvcSymbolHandle><DeviceLibraryName>IDimPort</DeviceLibraryName><SymbolTagName>ID</SymbolTagName><WizardCateogry>16</WizardCateogry><DeviceSettableMode>2</DeviceSettableMode><IsNetDevice>0</IsNetDevice><Address>06</Address><AddressType>Cresnet</AddressType></DEVICE><DEVICE><DeviceName>CNLDM-6</DeviceName><DeviceCode>157</DeviceCode><DeviceHandle>548</DeviceHandle><DvcSymbolHandle>33</DvcSymbolHandle><DeviceLibraryName>CNLDM-6</DeviceLibraryName><SymbolTagName>ID</SymbolTagName><WizardCateogry>1</WizardCateogry><DeviceSettableMode>1</DeviceSettableMode><DeviceFirmwareName>CNLDM-6</DeviceFirmwareName><IsNetDevice>1</IsNetDevice><LocalOrRemote>Local</LocalOrRemote><Address>15</Address><AddressType>Cresnet</AddressType></DEVICE><DEVICE><DeviceName>IDimPort</DeviceName><DeviceCode>128</DeviceCode><DeviceHandle>550</DeviceHandle><DvcSymbolHandle>0</DvcSymbolHandle><DeviceLibraryName>IDimPort</DeviceLibraryName><SymbolTagName>ID</SymbolTagName><WizardCateogry>16</WizardCateogry><DeviceSettableMode>2</DeviceSettableMode><IsNetDevice>0</IsNetDevice><Address>01</Address><AddressType>Cresnet</AddressType></DEVICE><DEVICE><DeviceName>IDimPort</DeviceName><DeviceCode>128</DeviceCode><DeviceHandle>552</DeviceHandle><DvcSymbolHandle>0</DvcSymbolHandle><DeviceLibraryName>IDimPort</DeviceLibraryName><SymbolTagName>ID</SymbolTagName><WizardCateogry>16</WizardCateogry><DeviceSettableMode>2</DeviceSettableMode><IsNetDevice>0</IsNetDevice><Address>02</Address><AddressType>Cresnet</AddressType></DEVICE><DEVICE><DeviceName>IDimPort</DeviceName><DeviceCode>128</DeviceCode><DeviceHandle>554</DeviceHandle><DvcSymbolHandle>0</DvcSymbolHandle><DeviceLibraryName>IDimPort</DeviceLibraryName><SymbolTagName>ID</SymbolTagName><WizardCateogry>16</WizardCateogry><DeviceSettableMode>2</DeviceSettableMode><IsNetDevice>0</IsNetDevice><Address>03</Address><AddressType>Cresnet</AddressType></DEVICE><DEVICE><DeviceName>IDimPort</DeviceName><DeviceCode>128</DeviceCode><DeviceHandle>556</DeviceHandle><DvcSymbolHandle>0</DvcSymbolHandle><DeviceLibraryName>IDimPort</DeviceLibraryName><SymbolTagName>ID</SymbolTagName><WizardCateogry>16</WizardCateogry><DeviceSettableMode>2</DeviceSettableMode><IsNetDevice>0</IsNetDevice><Address>04</Address><AddressType>Cresnet</AddressType></DEVICE><DEVICE><DeviceName>IDimPort</DeviceName><DeviceCode>128</DeviceCode><DeviceHandle>558</DeviceHandle><DvcSymbolHandle>0</DvcSymbolHandle><DeviceLibraryName>IDimPort</DeviceLibraryName><SymbolTagName>ID</SymbolTagName><WizardCateogry>16</WizardCateogry><DeviceSettableMode>2</DeviceSettableMode><IsNetDevice>0</IsNetDevice><Address>05</Address><AddressType>Cresnet</AddressType></DEVICE><DEVICE><DeviceName>IDimPort</DeviceName><DeviceCode>128</DeviceCode><DeviceHandle>560</DeviceHandle><DvcSymbolHandle>0</DvcSymbolHandle><DeviceLibraryName>IDimPort</DeviceLibraryName><SymbolTagName>ID</SymbolTagName><WizardCateogry>16</WizardCateogry><DeviceSettableMode>2</DeviceSettableMode><IsNetDevice>0</IsNetDevice><Address>06</Address><AddressType>Cresnet</AddressType></DEVICE><DEVICE><DeviceName>CNLDM-6</DeviceName><DeviceCode>157</DeviceCode><DeviceHandle>561</DeviceHandle><DvcSymbolHandle>34</DvcSymbolHandle><DeviceLibraryName>CNLDM-6</DeviceLibraryName><SymbolTagName>ID</SymbolTagName><WizardCateogry>1</WizardCateogry><DeviceSettableMode>1</DeviceSettableMode><DeviceFirmwareName>CNLDM-6</DeviceFirmwareName><IsNetDevice>1</IsNetDevice><LocalOrRemote>Local</LocalOrRemote><Address>16</Address><AddressType>Cresnet</AddressType></DEVICE><DEVICE><DeviceName>IDimPort</DeviceName><DeviceCode>128</DeviceCode><DeviceHandle>563</DeviceHandle><DvcSymbolHandle>0</DvcSymbolHandle><DeviceLibraryName>IDimPort</DeviceLibraryName><SymbolTagName>ID</SymbolTagName><WizardCateogry>16</WizardCateogry><DeviceSettableMode>2</DeviceSettableMode><IsNetDevice>0</IsNetDevice><Address>01</Address><AddressType>Cresnet</AddressType></DEVICE><DEVICE><DeviceName>IDimPort</DeviceName><DeviceCode>128</DeviceCode><DeviceHandle>565</DeviceHandle><DvcSymbolHandle>0</DvcSymbolHandle><DeviceLibraryName>IDimPort</DeviceLibraryName><SymbolTagName>ID</SymbolTagName><WizardCateogry>16</WizardCateogry><DeviceSettableMode>2</DeviceSettableMode><IsNetDevice>0</IsNetDevice><Address>02</Address><AddressType>Cresnet</AddressType></DEVICE><DEVICE><DeviceName>IDimPort</DeviceName><DeviceCode>128</DeviceCode><DeviceHandle>567</DeviceHandle><DvcSymbolHandle>0</DvcSymbolHandle><DeviceLibraryName>IDimPort</DeviceLibraryName><SymbolTagName>ID</SymbolTagName><WizardCateogry>16</WizardCateogry><DeviceSettableMode>2</DeviceSettableMode><IsNetDevice>0</IsNetDevice><Address>03</Address><AddressType>Cresnet</AddressType></DEVICE><DEVICE><DeviceName>IDimPort</DeviceName><DeviceCode>128</DeviceCode><DeviceHandle>569</DeviceHandle><DvcSymbolHandle>0</DvcSymbolHandle><DeviceLibraryName>IDimPort</DeviceLibraryName><SymbolTagName>ID</SymbolTagName><WizardCateogry>16</WizardCateogry><DeviceSettableMode>2</DeviceSettableMode><IsNetDevice>0</IsNetDevice><Address>04</Address><AddressType>Cresnet</AddressType></DEVICE><DEVICE><DeviceName>IDimPort</DeviceName><DeviceCode>128</DeviceCode><DeviceHandle>571</DeviceHandle><DvcSymbolHandle>0</DvcSymbolHandle><DeviceLibraryName>IDimPort</DeviceLibraryName><SymbolTagName>ID</SymbolTagName><WizardCateogry>16</WizardCateogry><DeviceSettableMode>2</DeviceSettableMode><IsNetDevice>0</IsNetDevice><Address>05</Address><AddressType>Cresnet</AddressType></DEVICE><DEVICE><DeviceName>IDimPort</DeviceName><DeviceCode>128</DeviceCode><DeviceHandle>573</DeviceHandle><DvcSymbolHandle>0</DvcSymbolHandle><DeviceLibraryName>IDimPort</DeviceLibraryName><SymbolTagName>ID</SymbolTagName><WizardCateogry>16</WizardCateogry><DeviceSettableMode>2</DeviceSettableMode><IsNetDevice>0</IsNetDevice><Address>06</Address><AddressType>Cresnet</AddressType></DEVICE><DEVICE><DeviceName>CNLDM-6</DeviceName><DeviceCode>157</DeviceCode><DeviceHandle>574</DeviceHandle><DvcSymbolHandle>35</DvcSymbolHandle><DeviceLibraryName>CNLDM-6</DeviceLibraryName><SymbolTagName>ID</SymbolTagName><WizardCateogry>1</WizardCateogry><DeviceSettableMode>1</DeviceSettableMode><DeviceFirmwareName>CNLDM-6</DeviceFirmwareName><IsNetDevice>1</IsNetDevice><LocalOrRemote>Local</LocalOrRemote><Address>17</Address><AddressType>Cresnet</AddressType></DEVICE><DEVICE><DeviceName>IDimPort</DeviceName><DeviceCode>128</DeviceCode><DeviceHandle>576</DeviceHandle><DvcSymbolHandle>0</DvcSymbolHandle><DeviceLibraryName>IDimPort</DeviceLibraryName><SymbolTagName>ID</SymbolTagName><WizardCateogry>16</WizardCateogry><DeviceSettableMode>2</DeviceSettableMode><IsNetDevice>0</IsNetDevice><Address>01</Address><AddressType>Cresnet</AddressType></DEVICE><DEVICE><DeviceName>IDimPort</DeviceName><DeviceCode>128</DeviceCode><DeviceHandle>578</DeviceHandle><DvcSymbolHandle>0</DvcSymbolHandle><DeviceLibraryName>IDimPort</DeviceLibraryName><SymbolTagName>ID</SymbolTagName><WizardCateogry>16</WizardCateogry><DeviceSettableMode>2</DeviceSettableMode><IsNetDevice>0</IsNetDevice><Address>02</Address><AddressType>Cresnet</AddressType></DEVICE><DEVICE><DeviceName>IDimPort</DeviceName><DeviceCode>128</DeviceCode><DeviceHandle>580</DeviceHandle><DvcSymbolHandle>0</DvcSymbolHandle><DeviceLibraryName>IDimPort</DeviceLibraryName><SymbolTagName>ID</SymbolTagName><WizardCateogry>16</WizardCateogry><DeviceSettableMode>2</DeviceSettableMode><IsNetDevice>0</IsNetDevice><Address>03</Address><AddressType>Cresnet</AddressType></DEVICE><DEVICE><DeviceName>IDimPort</DeviceName><DeviceCode>128</DeviceCode><DeviceHandle>582</DeviceHandle><DvcSymbolHandle>0</DvcSymbolHandle><DeviceLibraryName>IDimPort</DeviceLibraryName><SymbolTagName>ID</SymbolTagName><WizardCateogry>16</WizardCateogry><DeviceSettableMode>2</DeviceSettableMode><IsNetDevice>0</IsNetDevice><Address>04</Address><AddressType>Cresnet</AddressType></DEVICE><DEVICE><DeviceName>IDimPort</DeviceName><DeviceCode>128</DeviceCode><DeviceHandle>584</DeviceHandle><DvcSymbolHandle>0</DvcSymbolHandle><DeviceLibraryName>IDimPort</DeviceLibraryName><SymbolTagName>ID</SymbolTagName><WizardCateogry>16</WizardCateogry><DeviceSettableMode>2</DeviceSettableMode><IsNetDevice>0</IsNetDevice><Address>05</Address><AddressType>Cresnet</AddressType></DEVICE><DEVICE><DeviceName>IDimPort</DeviceName><DeviceCode>128</DeviceCode><DeviceHandle>586</DeviceHandle><DvcSymbolHandle>0</DvcSymbolHandle><DeviceLibraryName>IDimPort</DeviceLibraryName><SymbolTagName>ID</SymbolTagName><WizardCateogry>16</WizardCateogry><DeviceSettableMode>2</DeviceSettableMode><IsNetDevice>0</IsNetDevice><Address>06</Address><AddressType>Cresnet</AddressType></DEVICE><DEVICE><DeviceName>CNLDM-6</DeviceName><DeviceCode>157</DeviceCode><DeviceHandle>587</DeviceHandle><DvcSymbolHandle>36</DvcSymbolHandle><DeviceLibraryName>CNLDM-6</DeviceLibraryName><SymbolTagName>ID</SymbolTagName><WizardCateogry>1</WizardCateogry><DeviceSettableMode>1</DeviceSettableMode><DeviceFirmwareName>CNLDM-6</DeviceFirmwareName><IsNetDevice>1</IsNetDevice><LocalOrRemote>Local</LocalOrRemote><Address>18</Address><AddressType>Cresnet</AddressType></DEVICE><DEVICE><DeviceName>IDimPort</DeviceName><DeviceCode>128</DeviceCode><DeviceHandle>589</DeviceHandle><DvcSymbolHandle>0</DvcSymbolHandle><DeviceLibraryName>IDimPort</DeviceLibraryName><SymbolTagName>ID</SymbolTagName><WizardCateogry>16</WizardCateogry><DeviceSettableMode>2</DeviceSettableMode><IsNetDevice>0</IsNetDevice><Address>01</Address><AddressType>Cresnet</AddressType></DEVICE><DEVICE><DeviceName>IDimPort</DeviceName><DeviceCode>128</DeviceCode><DeviceHandle>591</DeviceHandle><DvcSymbolHandle>0</DvcSymbolHandle><DeviceLibraryName>IDimPort</DeviceLibraryName><SymbolTagName>ID</SymbolTagName><WizardCateogry>16</WizardCateogry><DeviceSettableMode>2</DeviceSettableMode><IsNetDevice>0</IsNetDevice><Address>02</Address><AddressType>Cresnet</AddressType></DEVICE><DEVICE><DeviceName>IDimPort</DeviceName><DeviceCode>128</DeviceCode><DeviceHandle>593</DeviceHandle><DvcSymbolHandle>0</DvcSymbolHandle><DeviceLibraryName>IDimPort</DeviceLibraryName><SymbolTagName>ID</SymbolTagName><WizardCateogry>16</WizardCateogry><DeviceSettableMode>2</DeviceSettableMode><IsNetDevice>0</IsNetDevice><Address>03</Address><AddressType>Cresnet</AddressType></DEVICE><DEVICE><DeviceName>IDimPort</DeviceName><DeviceCode>128</DeviceCode><DeviceHandle>595</DeviceHandle><DvcSymbolHandle>0</DvcSymbolHandle><DeviceLibraryName>IDimPort</DeviceLibraryName><SymbolTagName>ID</SymbolTagName><WizardCateogry>16</WizardCateogry><DeviceSettableMode>2</DeviceSettableMode><IsNetDevice>0</IsNetDevice><Address>04</Address><AddressType>Cresnet</AddressType></DEVICE><DEVICE><DeviceName>IDimPort</DeviceName><DeviceCode>128</DeviceCode><DeviceHandle>597</DeviceHandle><DvcSymbolHandle>0</DvcSymbolHandle><DeviceLibraryName>IDimPort</DeviceLibraryName><SymbolTagName>ID</SymbolTagName><WizardCateogry>16</WizardCateogry><DeviceSettableMode>2</DeviceSettableMode><IsNetDevice>0</IsNetDevice><Address>05</Address><AddressType>Cresnet</AddressType></DEVICE><DEVICE><DeviceName>IDimPort</DeviceName><DeviceCode>128</DeviceCode><DeviceHandle>599</DeviceHandle><DvcSymbolHandle>0</DvcSymbolHandle><DeviceLibraryName>IDimPort</DeviceLibraryName><SymbolTagName>ID</SymbolTagName><WizardCateogry>16</WizardCateogry><DeviceSettableMode>2</DeviceSettableMode><IsNetDevice>0</IsNetDevice><Address>06</Address><AddressType>Cresnet</AddressType></DEVICE><DEVICE><DeviceName>CNLDM-4</DeviceName><DeviceCode>156</DeviceCode><DeviceHandle>600</DeviceHandle><DvcSymbolHandle>37</DvcSymbolHandle><DeviceLibraryName>CNLDM-4</DeviceLibraryName><SymbolTagName>ID</SymbolTagName><WizardCateogry>1</WizardCateogry><DeviceSettableMode>1</DeviceSettableMode><DeviceFirmwareName>CNLDM-4</DeviceFirmwareName><IsNetDevice>1</IsNetDevice><LocalOrRemote>Local</LocalOrRemote><Address>25</Address><AddressType>Cresnet</AddressType></DEVICE><DEVICE><DeviceName>IDimPort</DeviceName><DeviceCode>128</DeviceCode><DeviceHandle>602</DeviceHandle><DvcSymbolHandle>0</DvcSymbolHandle><DeviceLibraryName>IDimPort</DeviceLibraryName><SymbolTagName>ID</SymbolTagName><WizardCateogry>16</WizardCateogry><DeviceSettableMode>2</DeviceSettableMode><IsNetDevice>0</IsNetDevice><Address>01</Address><AddressType>Cresnet</AddressType></DEVICE><DEVICE><DeviceName>IDimPort</DeviceName><DeviceCode>128</DeviceCode><DeviceHandle>604</DeviceHandle><DvcSymbolHandle>0</DvcSymbolHandle><DeviceLibraryName>IDimPort</DeviceLibraryName><SymbolTagName>ID</SymbolTagName><WizardCateogry>16</WizardCateogry><DeviceSettableMode>2</DeviceSettableMode><IsNetDevice>0</IsNetDevice><Address>02</Address><AddressType>Cresnet</AddressType></DEVICE><DEVICE><DeviceName>IDimPort</DeviceName><DeviceCode>128</DeviceCode><DeviceHandle>606</DeviceHandle><DvcSymbolHandle>0</DvcSymbolHandle><DeviceLibraryName>IDimPort</DeviceLibraryName><SymbolTagName>ID</SymbolTagName><WizardCateogry>16</WizardCateogry><DeviceSettableMode>2</DeviceSettableMode><IsNetDevice>0</IsNetDevice><Address>03</Address><AddressType>Cresnet</AddressType></DEVICE><DEVICE><DeviceName>IDimPort</DeviceName><DeviceCode>128</DeviceCode><DeviceHandle>608</DeviceHandle><DvcSymbolHandle>0</DvcSymbolHandle><DeviceLibraryName>IDimPort</DeviceLibraryName><SymbolTagName>ID</SymbolTagName><WizardCateogry>16</WizardCateogry><DeviceSettableMode>2</DeviceSettableMode><IsNetDevice>0</IsNetDevice><Address>04</Address><AddressType>Cresnet</AddressType></DEVICE><DEVICE><DeviceName>CNLDM-4</DeviceName><DeviceCode>156</DeviceCode><DeviceHandle>609</DeviceHandle><DvcSymbolHandle>38</DvcSymbolHandle><DeviceLibraryName>CNLDM-4</DeviceLibraryName><SymbolTagName>ID</SymbolTagName><WizardCateogry>1</WizardCateogry><DeviceSettableMode>1</DeviceSettableMode><DeviceFirmwareName>CNLDM-4</DeviceFirmwareName><IsNetDevice>1</IsNetDevice><LocalOrRemote>Local</LocalOrRemote><Address>26</Address><AddressType>Cresnet</AddressType></DEVICE><DEVICE><DeviceName>IDimPort</DeviceName><DeviceCode>128</DeviceCode><DeviceHandle>611</DeviceHandle><DvcSymbolHandle>0</DvcSymbolHandle><DeviceLibraryName>IDimPort</DeviceLibraryName><SymbolTagName>ID</SymbolTagName><WizardCateogry>16</WizardCateogry><DeviceSettableMode>2</DeviceSettableMode><IsNetDevice>0</IsNetDevice><Address>01</Address><AddressType>Cresnet</AddressType></DEVICE><DEVICE><DeviceName>IDimPort</DeviceName><DeviceCode>128</DeviceCode><DeviceHandle>613</DeviceHandle><DvcSymbolHandle>0</DvcSymbolHandle><DeviceLibraryName>IDimPort</DeviceLibraryName><SymbolTagName>ID</SymbolTagName><WizardCateogry>16</WizardCateogry><DeviceSettableMode>2</DeviceSettableMode><IsNetDevice>0</IsNetDevice><Address>02</Address><AddressType>Cresnet</AddressType></DEVICE><DEVICE><DeviceName>IDimPort</DeviceName><DeviceCode>128</DeviceCode><DeviceHandle>615</DeviceHandle><DvcSymbolHandle>0</DvcSymbolHandle><DeviceLibraryName>IDimPort</DeviceLibraryName><SymbolTagName>ID</SymbolTagName><WizardCateogry>16</WizardCateogry><DeviceSettableMode>2</DeviceSettableMode><IsNetDevice>0</IsNetDevice><Address>03</Address><AddressType>Cresnet</AddressType></DEVICE><DEVICE><DeviceName>IDimPort</DeviceName><DeviceCode>128</DeviceCode><DeviceHandle>617</DeviceHandle><DvcSymbolHandle>0</DvcSymbolHandle><DeviceLibraryName>IDimPort</DeviceLibraryName><SymbolTagName>ID</SymbolTagName><WizardCateogry>16</WizardCateogry><DeviceSettableMode>2</DeviceSettableMode><IsNetDevice>0</IsNetDevice><Address>04</Address><AddressType>Cresnet</AddressType></DEVICE><DEVICE><DeviceName>CNLDM-4</DeviceName><DeviceCode>156</DeviceCode><DeviceHandle>618</DeviceHandle><DvcSymbolHandle>39</DvcSymbolHandle><DeviceLibraryName>CNLDM-4</DeviceLibraryName><SymbolTagName>ID</SymbolTagName><WizardCateogry>1</WizardCateogry><DeviceSettableMode>1</DeviceSettableMode><DeviceFirmwareName>CNLDM-4</DeviceFirmwareName><IsNetDevice>1</IsNetDevice><LocalOrRemote>Local</LocalOrRemote><Address>27</Address><AddressType>Cresnet</AddressType></DEVICE><DEVICE><DeviceName>IDimPort</DeviceName><DeviceCode>128</DeviceCode><DeviceHandle>620</DeviceHandle><DvcSymbolHandle>0</DvcSymbolHandle><DeviceLibraryName>IDimPort</DeviceLibraryName><SymbolTagName>ID</SymbolTagName><WizardCateogry>16</WizardCateogry><DeviceSettableMode>2</DeviceSettableMode><IsNetDevice>0</IsNetDevice><Address>01</Address><AddressType>Cresnet</AddressType></DEVICE><DEVICE><DeviceName>IDimPort</DeviceName><DeviceCode>128</DeviceCode><DeviceHandle>622</DeviceHandle><DvcSymbolHandle>0</DvcSymbolHandle><DeviceLibraryName>IDimPort</DeviceLibraryName><SymbolTagName>ID</SymbolTagName><WizardCateogry>16</WizardCateogry><DeviceSettableMode>2</DeviceSettableMode><IsNetDevice>0</IsNetDevice><Address>02</Address><AddressType>Cresnet</AddressType></DEVICE><DEVICE><DeviceName>IDimPort</DeviceName><DeviceCode>128</DeviceCode><DeviceHandle>624</DeviceHandle><DvcSymbolHandle>0</DvcSymbolHandle><DeviceLibraryName>IDimPort</DeviceLibraryName><SymbolTagName>ID</SymbolTagName><WizardCateogry>16</WizardCateogry><DeviceSettableMode>2</DeviceSettableMode><IsNetDevice>0</IsNetDevice><Address>03</Address><AddressType>Cresnet</AddressType></DEVICE><DEVICE><DeviceName>IDimPort</DeviceName><DeviceCode>128</DeviceCode><DeviceHandle>626</DeviceHandle><DvcSymbolHandle>0</DvcSymbolHandle><DeviceLibraryName>IDimPort</DeviceLibraryName><SymbolTagName>ID</SymbolTagName><WizardCateogry>16</WizardCateogry><DeviceSettableMode>2</DeviceSettableMode><IsNetDevice>0</IsNetDevice><Address>04</Address><AddressType>Cresnet</AddressType></DEVICE><DEVICE><DeviceName>CNLFDB-4</DeviceName><DeviceCode>103</DeviceCode><DeviceHandle>627</DeviceHandle><DvcSymbolHandle>40</DvcSymbolHandle><DeviceLibraryName>CNLFDB-4</DeviceLibraryName><SymbolTagName>ID</SymbolTagName><WizardCateogry>1</WizardCateogry><DeviceSettableMode>1</DeviceSettableMode><DeviceFirmwareName>CNLFDB-4</DeviceFirmwareName><IsNetDevice>1</IsNetDevice><LocalOrRemote>Local</LocalOrRemote><Address>28</Address><AddressType>Cresnet</AddressType></DEVICE><DEVICE><DeviceName>FDimPort</DeviceName><DeviceCode>129</DeviceCode><DeviceHandle>629</DeviceHandle><DvcSymbolHandle>0</DvcSymbolHandle><DeviceLibraryName>FDimPort</DeviceLibraryName><SymbolTagName>ID</SymbolTagName><WizardCateogry>16</WizardCateogry><DeviceSettableMode>2</DeviceSettableMode><IsNetDevice>0</IsNetDevice><Address>01</Address><AddressType>Cresnet</AddressType></DEVICE><DEVICE><DeviceName>FDimPort</DeviceName><DeviceCode>129</DeviceCode><DeviceHandle>631</DeviceHandle><DvcSymbolHandle>0</DvcSymbolHandle><DeviceLibraryName>FDimPort</DeviceLibraryName><SymbolTagName>ID</SymbolTagName><WizardCateogry>16</WizardCateogry><DeviceSettableMode>2</DeviceSettableMode><IsNetDevice>0</IsNetDevice><Address>02</Address><AddressType>Cresnet</AddressType></DEVICE><DEVICE><DeviceName>FDimPort</DeviceName><DeviceCode>129</DeviceCode><DeviceHandle>633</DeviceHandle><DvcSymbolHandle>0</DvcSymbolHandle><DeviceLibraryName>FDimPort</DeviceLibraryName><SymbolTagName>ID</SymbolTagName><WizardCateogry>16</WizardCateogry><DeviceSettableMode>2</DeviceSettableMode><IsNetDevice>0</IsNetDevice><Address>03</Address><AddressType>Cresnet</AddressType></DEVICE><DEVICE><DeviceName>FDimPort</DeviceName><DeviceCode>129</DeviceCode><DeviceHandle>635</DeviceHandle><DvcSymbolHandle>0</DvcSymbolHandle><DeviceLibraryName>FDimPort</DeviceLibraryName><SymbolTagName>ID</SymbolTagName><WizardCateogry>16</WizardCateogry><DeviceSettableMode>2</DeviceSettableMode><IsNetDevice>0</IsNetDevice><Address>04</Address><AddressType>Cresnet</AddressType></DEVICE></DeviceData></SmpWinPrj>
