<SmpWinPrj><ProjectName>C:\Documents and Settings\imcdermott\Desktop\MPTN Museum\Atrium\atrium-rev2.smw</ProjectName><VersionInfo><SmpWinVersion>2.06.20</SmpWinVersion><CresDBVersion>17.4.4</CresDBVersion><SymbolLibrary>360</SymbolLibrary><DeviceLibrary>360</DeviceLibrary></VersionInfo><MinVersionInfo><MinSMWVersion>1.60.00</MinSMWVersion><MinTIOVersion>111</MinTIOVersion><MinUPZVersion>3.18.12</MinUPZVersion><CtrlSysType>2</CtrlSysType></MinVersionInfo><FileList><SimpWinFile>C:\Documents and Settings\imcdermott\Desktop\MPTN Museum\Atrium\atrium-rev2.smw</SimpWinFile><SimpWinFile>C:\Documents and Settings\imcdermott\Desktop\MPTN Museum\Atrium\PASSME.umc</SimpWinFile><SimpWinFile>C:\Documents and Settings\imcdermott\Desktop\MPTN Museum\Atrium\SBF.umc</SimpWinFile><SimpWinFile>C:\Documents and Settings\imcdermott\Desktop\MPTN Museum\Atrium\NEWLITE3.umc</SimpWinFile><SimpWinFile>C:\Documents and Settings\imcdermott\Desktop\MPTN Museum\Atrium\NEWLITE6.umc</SimpWinFile><SimpWinFile>C:\Documents and Settings\imcdermott\Desktop\MPTN Museum\Atrium\CNESR.umc</SimpWinFile></FileList><CompileData><UploadFile>C:\Documents and Settings\imcdermott\Desktop\MPTN Museum\Atrium\atrium-rev2.bin</UploadFile></CompileData><ControlSystem><ControlSystemName>CNLCOMP-232</ControlSystemName><ControlSystemCode>89</ControlSystemCode></ControlSystem><DeviceData><DEVICE><DeviceName>CNLCOMP-232</DeviceName><DeviceCode>89</DeviceCode><DeviceHandle>2</DeviceHandle><DvcSymbolHandle>0</DvcSymbolHandle><DeviceLibraryName>CNLCOMP-232</DeviceLibraryName><WizardCateogry>8</WizardCateogry><DeviceSettableMode>2</DeviceSettableMode><IsNetDevice>0</IsNetDevice><Address>00</Address></DEVICE><DEVICE><DeviceName>CNDIO16</DeviceName><DeviceCode>150</DeviceCode><DeviceHandle>7</DeviceHandle><DvcSymbolHandle>6</DvcSymbolHandle><DeviceLibraryName>CNDIO16</DeviceLibraryName><SymbolTagName>Slot</SymbolTagName><WizardCateogry>1</WizardCateogry><DeviceSettableMode>2</DeviceSettableMode><IsNetDevice>0</IsNetDevice><Address>04</Address></DEVICE><DEVICE><DeviceName>DIO-Port</DeviceName><DeviceCode>125</DeviceCode><DeviceHandle>9</DeviceHandle><DvcSymbolHandle>0</DvcSymbolHandle><DeviceLibraryName>DIO-Port</DeviceLibraryName><SymbolTagName>Slot</SymbolTagName><WizardCateogry>32</WizardCateogry><DeviceSettableMode>2</DeviceSettableMode><IsNetDevice>0</IsNetDevice><Address>01</Address></DEVICE><DEVICE><DeviceName>DIO-Port</DeviceName><DeviceCode>125</DeviceCode><DeviceHandle>11</DeviceHandle><DvcSymbolHandle>0</DvcSymbolHandle><DeviceLibraryName>DIO-Port</DeviceLibraryName><SymbolTagName>Slot</SymbolTagName><WizardCateogry>32</WizardCateogry><DeviceSettableMode>2</DeviceSettableMode><IsNetDevice>0</IsNetDevice><Address>02</Address></DEVICE><DEVICE><DeviceName>DIO-Port</DeviceName><DeviceCode>125</DeviceCode><DeviceHandle>13</DeviceHandle><DvcSymbolHandle>0</DvcSymbolHandle><DeviceLibraryName>DIO-Port</DeviceLibraryName><SymbolTagName>Slot</SymbolTagName><WizardCateogry>32</WizardCateogry><DeviceSettableMode>2</DeviceSettableMode><IsNetDevice>0</IsNetDevice><Address>03</Address></DEVICE><DEVICE><DeviceName>DIO-Port</DeviceName><DeviceCode>125</DeviceCode><DeviceHandle>15</DeviceHandle><DvcSymbolHandle>0</DvcSymbolHandle><DeviceLibraryName>DIO-Port</DeviceLibraryName><SymbolTagName>Slot</SymbolTagName><WizardCateogry>32</WizardCateogry><DeviceSettableMode>2</DeviceSettableMode><IsNetDevice>0</IsNetDevice><Address>04</Address></DEVICE><DEVICE><DeviceName>DIO-Port</DeviceName><DeviceCode>125</DeviceCode><DeviceHandle>17</DeviceHandle><DvcSymbolHandle>0</DvcSymbolHandle><DeviceLibraryName>DIO-Port</DeviceLibraryName><SymbolTagName>Slot</SymbolTagName><WizardCateogry>32</WizardCateogry><DeviceSettableMode>2</DeviceSettableMode><IsNetDevice>0</IsNetDevice><Address>05</Address></DEVICE><DEVICE><DeviceName>DIO-Port</DeviceName><DeviceCode>125</DeviceCode><DeviceHandle>19</DeviceHandle><DvcSymbolHandle>0</DvcSymbolHandle><DeviceLibraryName>DIO-Port</DeviceLibraryName><SymbolTagName>Slot</SymbolTagName><WizardCateogry>32</WizardCateogry><DeviceSettableMode>2</DeviceSettableMode><IsNetDevice>0</IsNetDevice><Address>06</Address></DEVICE><DEVICE><DeviceName>DIO-Port</DeviceName><DeviceCode>125</DeviceCode><DeviceHandle>21</DeviceHandle><DvcSymbolHandle>0</DvcSymbolHandle><DeviceLibraryName>DIO-Port</DeviceLibraryName><SymbolTagName>Slot</SymbolTagName><WizardCateogry>32</WizardCateogry><DeviceSettableMode>2</DeviceSettableMode><IsNetDevice>0</IsNetDevice><Address>07</Address></DEVICE><DEVICE><DeviceName>DIO-Port</DeviceName><DeviceCode>125</DeviceCode><DeviceHandle>23</DeviceHandle><DvcSymbolHandle>0</DvcSymbolHandle><DeviceLibraryName>DIO-Port</DeviceLibraryName><SymbolTagName>Slot</SymbolTagName><WizardCateogry>32</WizardCateogry><DeviceSettableMode>2</DeviceSettableMode><IsNetDevice>0</IsNetDevice><Address>08</Address></DEVICE><DEVICE><DeviceName>DIO-Port</DeviceName><DeviceCode>125</DeviceCode><DeviceHandle>25</DeviceHandle><DvcSymbolHandle>0</DvcSymbolHandle><DeviceLibraryName>DIO-Port</DeviceLibraryName><SymbolTagName>Slot</SymbolTagName><WizardCateogry>32</WizardCateogry><DeviceSettableMode>2</DeviceSettableMode><IsNetDevice>0</IsNetDevice><Address>09</Address></DEVICE><DEVICE><DeviceName>DIO-Port</DeviceName><DeviceCode>125</DeviceCode><DeviceHandle>27</DeviceHandle><DvcSymbolHandle>0</DvcSymbolHandle><DeviceLibraryName>DIO-Port</DeviceLibraryName><SymbolTagName>Slot</SymbolTagName><WizardCateogry>32</WizardCateogry><DeviceSettableMode>2</DeviceSettableMode><IsNetDevice>0</IsNetDevice><Address>10</Address></DEVICE><DEVICE><DeviceName>DIO-Port</DeviceName><DeviceCode>125</DeviceCode><DeviceHandle>29</DeviceHandle><DvcSymbolHandle>0</DvcSymbolHandle><DeviceLibraryName>DIO-Port</DeviceLibraryName><SymbolTagName>Slot</SymbolTagName><WizardCateogry>32</WizardCateogry><DeviceSettableMode>2</DeviceSettableMode><IsNetDevice>0</IsNetDevice><Address>11</Address></DEVICE><DEVICE><DeviceName>DIO-Port</DeviceName><DeviceCode>125</DeviceCode><DeviceHandle>31</DeviceHandle><DvcSymbolHandle>0</DvcSymbolHandle><DeviceLibraryName>DIO-Port</DeviceLibraryName><SymbolTagName>Slot</SymbolTagName><WizardCateogry>32</WizardCateogry><DeviceSettableMode>2</DeviceSettableMode><IsNetDevice>0</IsNetDevice><Address>12</Address></DEVICE><DEVICE><DeviceName>DIO-Port</DeviceName><DeviceCode>125</DeviceCode><DeviceHandle>33</DeviceHandle><DvcSymbolHandle>0</DvcSymbolHandle><DeviceLibraryName>DIO-Port</DeviceLibraryName><SymbolTagName>Slot</SymbolTagName><WizardCateogry>32</WizardCateogry><DeviceSettableMode>2</DeviceSettableMode><IsNetDevice>0</IsNetDevice><Address>13</Address></DEVICE><DEVICE><DeviceName>DIO-Port</DeviceName><DeviceCode>125</DeviceCode><DeviceHandle>35</DeviceHandle><DvcSymbolHandle>0</DvcSymbolHandle><DeviceLibraryName>DIO-Port</DeviceLibraryName><SymbolTagName>Slot</SymbolTagName><WizardCateogry>32</WizardCateogry><DeviceSettableMode>2</DeviceSettableMode><IsNetDevice>0</IsNetDevice><Address>14</Address></DEVICE><DEVICE><DeviceName>DIO-Port</DeviceName><DeviceCode>125</DeviceCode><DeviceHandle>37</DeviceHandle><DvcSymbolHandle>0</DvcSymbolHandle><DeviceLibraryName>DIO-Port</DeviceLibraryName><SymbolTagName>Slot</SymbolTagName><WizardCateogry>32</WizardCateogry><DeviceSettableMode>2</DeviceSettableMode><IsNetDevice>0</IsNetDevice><Address>15</Address></DEVICE><DEVICE><DeviceName>DIO-Port</DeviceName><DeviceCode>125</DeviceCode><DeviceHandle>39</DeviceHandle><DvcSymbolHandle>0</DvcSymbolHandle><DeviceLibraryName>DIO-Port</DeviceLibraryName><SymbolTagName>Slot</SymbolTagName><WizardCateogry>32</WizardCateogry><DeviceSettableMode>2</DeviceSettableMode><IsNetDevice>0</IsNetDevice><Address>16</Address></DEVICE><DEVICE><DeviceName>CNCOMH-2I</DeviceName><DeviceCode>210</DeviceCode><DeviceHandle>44</DeviceHandle><DvcSymbolHandle>7</DvcSymbolHandle><DeviceLibraryName>CNCOMH-2I</DeviceLibraryName><SymbolTagName>Slot</SymbolTagName><WizardCateogry>1</WizardCateogry><DeviceSettableMode>2</DeviceSettableMode><DeviceFirmwareName>23,25</DeviceFirmwareName><IsNetDevice>0</IsNetDevice><Address>08</Address></DEVICE><DEVICE><DeviceName>ST-CP/Internal CNCOMH-2 Two-way serial driver</DeviceName><DeviceCode>211</DeviceCode><DeviceHandle>46</DeviceHandle><DvcSymbolHandle>8</DvcSymbolHandle><DeviceLibraryName>ST-CP/Internal CNCOMH-2 Two-way serial driver</DeviceLibraryName><SymbolTagName>Port</SymbolTagName><WizardCateogry>32</WizardCateogry><DeviceSettableMode>2</DeviceSettableMode><IsNetDevice>0</IsNetDevice><Address>A</Address></DEVICE><DEVICE><DeviceName>ST-CP/Internal CNCOMH-2 Two-way serial driver</DeviceName><DeviceCode>211</DeviceCode><DeviceHandle>48</DeviceHandle><DvcSymbolHandle>9</DvcSymbolHandle><DeviceLibraryName>ST-CP/Internal CNCOMH-2 Two-way serial driver</DeviceLibraryName><SymbolTagName>Port</SymbolTagName><WizardCateogry>32</WizardCateogry><DeviceSettableMode>2</DeviceSettableMode><IsNetDevice>0</IsNetDevice><Address>B</Address></DEVICE><DEVICE><DeviceName>NetDevice</DeviceName><DeviceCode>6</DeviceCode><DeviceHandle>50</DeviceHandle><DvcSymbolHandle>0</DvcSymbolHandle><DeviceLibraryName>NetDevice</DeviceLibraryName><SymbolTagName>Port</SymbolTagName><WizardCateogry>1</WizardCateogry><DeviceSettableMode>2</DeviceSettableMode><IsNetDevice>1</IsNetDevice><LocalOrRemote>Local</LocalOrRemote><Address>09</Address><AddressType>Cresnet</AddressType></DEVICE><DEVICE><DeviceName>CNLDM-6</DeviceName><DeviceCode>157</DeviceCode><DeviceHandle>305</DeviceHandle><DvcSymbolHandle>10</DvcSymbolHandle><DeviceLibraryName>CNLDM-6</DeviceLibraryName><SymbolTagName>ID</SymbolTagName><WizardCateogry>1</WizardCateogry><DeviceSettableMode>1</DeviceSettableMode><DeviceFirmwareName>CNLDM-6</DeviceFirmwareName><IsNetDevice>1</IsNetDevice><LocalOrRemote>Local</LocalOrRemote><Address>11</Address><AddressType>Cresnet</AddressType></DEVICE><DEVICE><DeviceName>IDimPort</DeviceName><DeviceCode>128</DeviceCode><DeviceHandle>307</DeviceHandle><DvcSymbolHandle>0</DvcSymbolHandle><DeviceLibraryName>IDimPort</DeviceLibraryName><SymbolTagName>ID</SymbolTagName><WizardCateogry>16</WizardCateogry><DeviceSettableMode>2</DeviceSettableMode><IsNetDevice>0</IsNetDevice><Address>01</Address><AddressType>Cresnet</AddressType></DEVICE><DEVICE><DeviceName>IDimPort</DeviceName><DeviceCode>128</DeviceCode><DeviceHandle>309</DeviceHandle><DvcSymbolHandle>0</DvcSymbolHandle><DeviceLibraryName>IDimPort</DeviceLibraryName><SymbolTagName>ID</SymbolTagName><WizardCateogry>16</WizardCateogry><DeviceSettableMode>2</DeviceSettableMode><IsNetDevice>0</IsNetDevice><Address>02</Address><AddressType>Cresnet</AddressType></DEVICE><DEVICE><DeviceName>IDimPort</DeviceName><DeviceCode>128</DeviceCode><DeviceHandle>311</DeviceHandle><DvcSymbolHandle>0</DvcSymbolHandle><DeviceLibraryName>IDimPort</DeviceLibraryName><SymbolTagName>ID</SymbolTagName><WizardCateogry>16</WizardCateogry><DeviceSettableMode>2</DeviceSettableMode><IsNetDevice>0</IsNetDevice><Address>03</Address><AddressType>Cresnet</AddressType></DEVICE><DEVICE><DeviceName>IDimPort</DeviceName><DeviceCode>128</DeviceCode><DeviceHandle>313</DeviceHandle><DvcSymbolHandle>0</DvcSymbolHandle><DeviceLibraryName>IDimPort</DeviceLibraryName><SymbolTagName>ID</SymbolTagName><WizardCateogry>16</WizardCateogry><DeviceSettableMode>2</DeviceSettableMode><IsNetDevice>0</IsNetDevice><Address>04</Address><AddressType>Cresnet</AddressType></DEVICE><DEVICE><DeviceName>IDimPort</DeviceName><DeviceCode>128</DeviceCode><DeviceHandle>315</DeviceHandle><DvcSymbolHandle>0</DvcSymbolHandle><DeviceLibraryName>IDimPort</DeviceLibraryName><SymbolTagName>ID</SymbolTagName><WizardCateogry>16</WizardCateogry><DeviceSettableMode>2</DeviceSettableMode><IsNetDevice>0</IsNetDevice><Address>05</Address><AddressType>Cresnet</AddressType></DEVICE><DEVICE><DeviceName>IDimPort</DeviceName><DeviceCode>128</DeviceCode><DeviceHandle>317</DeviceHandle><DvcSymbolHandle>0</DvcSymbolHandle><DeviceLibraryName>IDimPort</DeviceLibraryName><SymbolTagName>ID</SymbolTagName><WizardCateogry>16</WizardCateogry><DeviceSettableMode>2</DeviceSettableMode><IsNetDevice>0</IsNetDevice><Address>06</Address><AddressType>Cresnet</AddressType></DEVICE><DEVICE><DeviceName>CNLDM-6</DeviceName><DeviceCode>157</DeviceCode><DeviceHandle>318</DeviceHandle><DvcSymbolHandle>11</DvcSymbolHandle><DeviceLibraryName>CNLDM-6</DeviceLibraryName><SymbolTagName>ID</SymbolTagName><WizardCateogry>1</WizardCateogry><DeviceSettableMode>1</DeviceSettableMode><DeviceFirmwareName>CNLDM-6</DeviceFirmwareName><IsNetDevice>1</IsNetDevice><LocalOrRemote>Local</LocalOrRemote><Address>16</Address><AddressType>Cresnet</AddressType></DEVICE><DEVICE><DeviceName>IDimPort</DeviceName><DeviceCode>128</DeviceCode><DeviceHandle>320</DeviceHandle><DvcSymbolHandle>0</DvcSymbolHandle><DeviceLibraryName>IDimPort</DeviceLibraryName><SymbolTagName>ID</SymbolTagName><WizardCateogry>16</WizardCateogry><DeviceSettableMode>2</DeviceSettableMode><IsNetDevice>0</IsNetDevice><Address>01</Address><AddressType>Cresnet</AddressType></DEVICE><DEVICE><DeviceName>IDimPort</DeviceName><DeviceCode>128</DeviceCode><DeviceHandle>322</DeviceHandle><DvcSymbolHandle>0</DvcSymbolHandle><DeviceLibraryName>IDimPort</DeviceLibraryName><SymbolTagName>ID</SymbolTagName><WizardCateogry>16</WizardCateogry><DeviceSettableMode>2</DeviceSettableMode><IsNetDevice>0</IsNetDevice><Address>02</Address><AddressType>Cresnet</AddressType></DEVICE><DEVICE><DeviceName>IDimPort</DeviceName><DeviceCode>128</DeviceCode><DeviceHandle>324</DeviceHandle><DvcSymbolHandle>0</DvcSymbolHandle><DeviceLibraryName>IDimPort</DeviceLibraryName><SymbolTagName>ID</SymbolTagName><WizardCateogry>16</WizardCateogry><DeviceSettableMode>2</DeviceSettableMode><IsNetDevice>0</IsNetDevice><Address>03</Address><AddressType>Cresnet</AddressType></DEVICE><DEVICE><DeviceName>IDimPort</DeviceName><DeviceCode>128</DeviceCode><DeviceHandle>326</DeviceHandle><DvcSymbolHandle>0</DvcSymbolHandle><DeviceLibraryName>IDimPort</DeviceLibraryName><SymbolTagName>ID</SymbolTagName><WizardCateogry>16</WizardCateogry><DeviceSettableMode>2</DeviceSettableMode><IsNetDevice>0</IsNetDevice><Address>04</Address><AddressType>Cresnet</AddressType></DEVICE><DEVICE><DeviceName>IDimPort</DeviceName><DeviceCode>128</DeviceCode><DeviceHandle>328</DeviceHandle><DvcSymbolHandle>0</DvcSymbolHandle><DeviceLibraryName>IDimPort</DeviceLibraryName><SymbolTagName>ID</SymbolTagName><WizardCateogry>16</WizardCateogry><DeviceSettableMode>2</DeviceSettableMode><IsNetDevice>0</IsNetDevice><Address>05</Address><AddressType>Cresnet</AddressType></DEVICE><DEVICE><DeviceName>IDimPort</DeviceName><DeviceCode>128</DeviceCode><DeviceHandle>330</DeviceHandle><DvcSymbolHandle>0</DvcSymbolHandle><DeviceLibraryName>IDimPort</DeviceLibraryName><SymbolTagName>ID</SymbolTagName><WizardCateogry>16</WizardCateogry><DeviceSettableMode>2</DeviceSettableMode><IsNetDevice>0</IsNetDevice><Address>06</Address><AddressType>Cresnet</AddressType></DEVICE><DEVICE><DeviceName>CNLDM-6</DeviceName><DeviceCode>157</DeviceCode><DeviceHandle>331</DeviceHandle><DvcSymbolHandle>12</DvcSymbolHandle><DeviceLibraryName>CNLDM-6</DeviceLibraryName><SymbolTagName>ID</SymbolTagName><WizardCateogry>1</WizardCateogry><DeviceSettableMode>1</DeviceSettableMode><DeviceFirmwareName>CNLDM-6</DeviceFirmwareName><IsNetDevice>1</IsNetDevice><LocalOrRemote>Local</LocalOrRemote><Address>17</Address><AddressType>Cresnet</AddressType></DEVICE><DEVICE><DeviceName>IDimPort</DeviceName><DeviceCode>128</DeviceCode><DeviceHandle>333</DeviceHandle><DvcSymbolHandle>0</DvcSymbolHandle><DeviceLibraryName>IDimPort</DeviceLibraryName><SymbolTagName>ID</SymbolTagName><WizardCateogry>16</WizardCateogry><DeviceSettableMode>2</DeviceSettableMode><IsNetDevice>0</IsNetDevice><Address>01</Address><AddressType>Cresnet</AddressType></DEVICE><DEVICE><DeviceName>IDimPort</DeviceName><DeviceCode>128</DeviceCode><DeviceHandle>335</DeviceHandle><DvcSymbolHandle>0</DvcSymbolHandle><DeviceLibraryName>IDimPort</DeviceLibraryName><SymbolTagName>ID</SymbolTagName><WizardCateogry>16</WizardCateogry><DeviceSettableMode>2</DeviceSettableMode><IsNetDevice>0</IsNetDevice><Address>02</Address><AddressType>Cresnet</AddressType></DEVICE><DEVICE><DeviceName>IDimPort</DeviceName><DeviceCode>128</DeviceCode><DeviceHandle>337</DeviceHandle><DvcSymbolHandle>0</DvcSymbolHandle><DeviceLibraryName>IDimPort</DeviceLibraryName><SymbolTagName>ID</SymbolTagName><WizardCateogry>16</WizardCateogry><DeviceSettableMode>2</DeviceSettableMode><IsNetDevice>0</IsNetDevice><Address>03</Address><AddressType>Cresnet</AddressType></DEVICE><DEVICE><DeviceName>IDimPort</DeviceName><DeviceCode>128</DeviceCode><DeviceHandle>339</DeviceHandle><DvcSymbolHandle>0</DvcSymbolHandle><DeviceLibraryName>IDimPort</DeviceLibraryName><SymbolTagName>ID</SymbolTagName><WizardCateogry>16</WizardCateogry><DeviceSettableMode>2</DeviceSettableMode><IsNetDevice>0</IsNetDevice><Address>04</Address><AddressType>Cresnet</AddressType></DEVICE><DEVICE><DeviceName>IDimPort</DeviceName><DeviceCode>128</DeviceCode><DeviceHandle>341</DeviceHandle><DvcSymbolHandle>0</DvcSymbolHandle><DeviceLibraryName>IDimPort</DeviceLibraryName><SymbolTagName>ID</SymbolTagName><WizardCateogry>16</WizardCateogry><DeviceSettableMode>2</DeviceSettableMode><IsNetDevice>0</IsNetDevice><Address>05</Address><AddressType>Cresnet</AddressType></DEVICE><DEVICE><DeviceName>IDimPort</DeviceName><DeviceCode>128</DeviceCode><DeviceHandle>343</DeviceHandle><DvcSymbolHandle>0</DvcSymbolHandle><DeviceLibraryName>IDimPort</DeviceLibraryName><SymbolTagName>ID</SymbolTagName><WizardCateogry>16</WizardCateogry><DeviceSettableMode>2</DeviceSettableMode><IsNetDevice>0</IsNetDevice><Address>06</Address><AddressType>Cresnet</AddressType></DEVICE><DEVICE><DeviceName>CNLDM-6</DeviceName><DeviceCode>157</DeviceCode><DeviceHandle>344</DeviceHandle><DvcSymbolHandle>13</DvcSymbolHandle><DeviceLibraryName>CNLDM-6</DeviceLibraryName><SymbolTagName>ID</SymbolTagName><WizardCateogry>1</WizardCateogry><DeviceSettableMode>1</DeviceSettableMode><DeviceFirmwareName>CNLDM-6</DeviceFirmwareName><IsNetDevice>1</IsNetDevice><LocalOrRemote>Local</LocalOrRemote><Address>18</Address><AddressType>Cresnet</AddressType></DEVICE><DEVICE><DeviceName>IDimPort</DeviceName><DeviceCode>128</DeviceCode><DeviceHandle>346</DeviceHandle><DvcSymbolHandle>0</DvcSymbolHandle><DeviceLibraryName>IDimPort</DeviceLibraryName><SymbolTagName>ID</SymbolTagName><WizardCateogry>16</WizardCateogry><DeviceSettableMode>2</DeviceSettableMode><IsNetDevice>0</IsNetDevice><Address>01</Address><AddressType>Cresnet</AddressType></DEVICE><DEVICE><DeviceName>IDimPort</DeviceName><DeviceCode>128</DeviceCode><DeviceHandle>348</DeviceHandle><DvcSymbolHandle>0</DvcSymbolHandle><DeviceLibraryName>IDimPort</DeviceLibraryName><SymbolTagName>ID</SymbolTagName><WizardCateogry>16</WizardCateogry><DeviceSettableMode>2</DeviceSettableMode><IsNetDevice>0</IsNetDevice><Address>02</Address><AddressType>Cresnet</AddressType></DEVICE><DEVICE><DeviceName>IDimPort</DeviceName><DeviceCode>128</DeviceCode><DeviceHandle>350</DeviceHandle><DvcSymbolHandle>0</DvcSymbolHandle><DeviceLibraryName>IDimPort</DeviceLibraryName><SymbolTagName>ID</SymbolTagName><WizardCateogry>16</WizardCateogry><DeviceSettableMode>2</DeviceSettableMode><IsNetDevice>0</IsNetDevice><Address>03</Address><AddressType>Cresnet</AddressType></DEVICE><DEVICE><DeviceName>IDimPort</DeviceName><DeviceCode>128</DeviceCode><DeviceHandle>352</DeviceHandle><DvcSymbolHandle>0</DvcSymbolHandle><DeviceLibraryName>IDimPort</DeviceLibraryName><SymbolTagName>ID</SymbolTagName><WizardCateogry>16</WizardCateogry><DeviceSettableMode>2</DeviceSettableMode><IsNetDevice>0</IsNetDevice><Address>04</Address><AddressType>Cresnet</AddressType></DEVICE><DEVICE><DeviceName>IDimPort</DeviceName><DeviceCode>128</DeviceCode><DeviceHandle>354</DeviceHandle><DvcSymbolHandle>0</DvcSymbolHandle><DeviceLibraryName>IDimPort</DeviceLibraryName><SymbolTagName>ID</SymbolTagName><WizardCateogry>16</WizardCateogry><DeviceSettableMode>2</DeviceSettableMode><IsNetDevice>0</IsNetDevice><Address>05</Address><AddressType>Cresnet</AddressType></DEVICE><DEVICE><DeviceName>IDimPort</DeviceName><DeviceCode>128</DeviceCode><DeviceHandle>356</DeviceHandle><DvcSymbolHandle>0</DvcSymbolHandle><DeviceLibraryName>IDimPort</DeviceLibraryName><SymbolTagName>ID</SymbolTagName><WizardCateogry>16</WizardCateogry><DeviceSettableMode>2</DeviceSettableMode><IsNetDevice>0</IsNetDevice><Address>06</Address><AddressType>Cresnet</AddressType></DEVICE><DEVICE><DeviceName>CNLDM-6</DeviceName><DeviceCode>157</DeviceCode><DeviceHandle>357</DeviceHandle><DvcSymbolHandle>14</DvcSymbolHandle><DeviceLibraryName>CNLDM-6</DeviceLibraryName><SymbolTagName>ID</SymbolTagName><WizardCateogry>1</WizardCateogry><DeviceSettableMode>1</DeviceSettableMode><DeviceFirmwareName>CNLDM-6</DeviceFirmwareName><IsNetDevice>1</IsNetDevice><LocalOrRemote>Local</LocalOrRemote><Address>19</Address><AddressType>Cresnet</AddressType></DEVICE><DEVICE><DeviceName>IDimPort</DeviceName><DeviceCode>128</DeviceCode><DeviceHandle>359</DeviceHandle><DvcSymbolHandle>0</DvcSymbolHandle><DeviceLibraryName>IDimPort</DeviceLibraryName><SymbolTagName>ID</SymbolTagName><WizardCateogry>16</WizardCateogry><DeviceSettableMode>2</DeviceSettableMode><IsNetDevice>0</IsNetDevice><Address>01</Address><AddressType>Cresnet</AddressType></DEVICE><DEVICE><DeviceName>IDimPort</DeviceName><DeviceCode>128</DeviceCode><DeviceHandle>361</DeviceHandle><DvcSymbolHandle>0</DvcSymbolHandle><DeviceLibraryName>IDimPort</DeviceLibraryName><SymbolTagName>ID</SymbolTagName><WizardCateogry>16</WizardCateogry><DeviceSettableMode>2</DeviceSettableMode><IsNetDevice>0</IsNetDevice><Address>02</Address><AddressType>Cresnet</AddressType></DEVICE><DEVICE><DeviceName>IDimPort</DeviceName><DeviceCode>128</DeviceCode><DeviceHandle>363</DeviceHandle><DvcSymbolHandle>0</DvcSymbolHandle><DeviceLibraryName>IDimPort</DeviceLibraryName><SymbolTagName>ID</SymbolTagName><WizardCateogry>16</WizardCateogry><DeviceSettableMode>2</DeviceSettableMode><IsNetDevice>0</IsNetDevice><Address>03</Address><AddressType>Cresnet</AddressType></DEVICE><DEVICE><DeviceName>IDimPort</DeviceName><DeviceCode>128</DeviceCode><DeviceHandle>365</DeviceHandle><DvcSymbolHandle>0</DvcSymbolHandle><DeviceLibraryName>IDimPort</DeviceLibraryName><SymbolTagName>ID</SymbolTagName><WizardCateogry>16</WizardCateogry><DeviceSettableMode>2</DeviceSettableMode><IsNetDevice>0</IsNetDevice><Address>04</Address><AddressType>Cresnet</AddressType></DEVICE><DEVICE><DeviceName>IDimPort</DeviceName><DeviceCode>128</DeviceCode><DeviceHandle>367</DeviceHandle><DvcSymbolHandle>0</DvcSymbolHandle><DeviceLibraryName>IDimPort</DeviceLibraryName><SymbolTagName>ID</SymbolTagName><WizardCateogry>16</WizardCateogry><DeviceSettableMode>2</DeviceSettableMode><IsNetDevice>0</IsNetDevice><Address>05</Address><AddressType>Cresnet</AddressType></DEVICE><DEVICE><DeviceName>IDimPort</DeviceName><DeviceCode>128</DeviceCode><DeviceHandle>369</DeviceHandle><DvcSymbolHandle>0</DvcSymbolHandle><DeviceLibraryName>IDimPort</DeviceLibraryName><SymbolTagName>ID</SymbolTagName><WizardCateogry>16</WizardCateogry><DeviceSettableMode>2</DeviceSettableMode><IsNetDevice>0</IsNetDevice><Address>06</Address><AddressType>Cresnet</AddressType></DEVICE><DEVICE><DeviceName>CNLDM-6</DeviceName><DeviceCode>157</DeviceCode><DeviceHandle>370</DeviceHandle><DvcSymbolHandle>15</DvcSymbolHandle><DeviceLibraryName>CNLDM-6</DeviceLibraryName><SymbolTagName>ID</SymbolTagName><WizardCateogry>1</WizardCateogry><DeviceSettableMode>1</DeviceSettableMode><DeviceFirmwareName>CNLDM-6</DeviceFirmwareName><IsNetDevice>1</IsNetDevice><LocalOrRemote>Local</LocalOrRemote><Address>1A</Address><AddressType>Cresnet</AddressType></DEVICE><DEVICE><DeviceName>IDimPort</DeviceName><DeviceCode>128</DeviceCode><DeviceHandle>372</DeviceHandle><DvcSymbolHandle>0</DvcSymbolHandle><DeviceLibraryName>IDimPort</DeviceLibraryName><SymbolTagName>ID</SymbolTagName><WizardCateogry>16</WizardCateogry><DeviceSettableMode>2</DeviceSettableMode><IsNetDevice>0</IsNetDevice><Address>01</Address><AddressType>Cresnet</AddressType></DEVICE><DEVICE><DeviceName>IDimPort</DeviceName><DeviceCode>128</DeviceCode><DeviceHandle>374</DeviceHandle><DvcSymbolHandle>0</DvcSymbolHandle><DeviceLibraryName>IDimPort</DeviceLibraryName><SymbolTagName>ID</SymbolTagName><WizardCateogry>16</WizardCateogry><DeviceSettableMode>2</DeviceSettableMode><IsNetDevice>0</IsNetDevice><Address>02</Address><AddressType>Cresnet</AddressType></DEVICE><DEVICE><DeviceName>IDimPort</DeviceName><DeviceCode>128</DeviceCode><DeviceHandle>376</DeviceHandle><DvcSymbolHandle>0</DvcSymbolHandle><DeviceLibraryName>IDimPort</DeviceLibraryName><SymbolTagName>ID</SymbolTagName><WizardCateogry>16</WizardCateogry><DeviceSettableMode>2</DeviceSettableMode><IsNetDevice>0</IsNetDevice><Address>03</Address><AddressType>Cresnet</AddressType></DEVICE><DEVICE><DeviceName>IDimPort</DeviceName><DeviceCode>128</DeviceCode><DeviceHandle>378</DeviceHandle><DvcSymbolHandle>0</DvcSymbolHandle><DeviceLibraryName>IDimPort</DeviceLibraryName><SymbolTagName>ID</SymbolTagName><WizardCateogry>16</WizardCateogry><DeviceSettableMode>2</DeviceSettableMode><IsNetDevice>0</IsNetDevice><Address>04</Address><AddressType>Cresnet</AddressType></DEVICE><DEVICE><DeviceName>IDimPort</DeviceName><DeviceCode>128</DeviceCode><DeviceHandle>380</DeviceHandle><DvcSymbolHandle>0</DvcSymbolHandle><DeviceLibraryName>IDimPort</DeviceLibraryName><SymbolTagName>ID</SymbolTagName><WizardCateogry>16</WizardCateogry><DeviceSettableMode>2</DeviceSettableMode><IsNetDevice>0</IsNetDevice><Address>05</Address><AddressType>Cresnet</AddressType></DEVICE><DEVICE><DeviceName>IDimPort</DeviceName><DeviceCode>128</DeviceCode><DeviceHandle>382</DeviceHandle><DvcSymbolHandle>0</DvcSymbolHandle><DeviceLibraryName>IDimPort</DeviceLibraryName><SymbolTagName>ID</SymbolTagName><WizardCateogry>16</WizardCateogry><DeviceSettableMode>2</DeviceSettableMode><IsNetDevice>0</IsNetDevice><Address>06</Address><AddressType>Cresnet</AddressType></DEVICE><DEVICE><DeviceName>CNLDM-6</DeviceName><DeviceCode>157</DeviceCode><DeviceHandle>383</DeviceHandle><DvcSymbolHandle>16</DvcSymbolHandle><DeviceLibraryName>CNLDM-6</DeviceLibraryName><SymbolTagName>ID</SymbolTagName><WizardCateogry>1</WizardCateogry><DeviceSettableMode>1</DeviceSettableMode><DeviceFirmwareName>CNLDM-6</DeviceFirmwareName><IsNetDevice>1</IsNetDevice><LocalOrRemote>Local</LocalOrRemote><Address>1B</Address><AddressType>Cresnet</AddressType></DEVICE><DEVICE><DeviceName>IDimPort</DeviceName><DeviceCode>128</DeviceCode><DeviceHandle>385</DeviceHandle><DvcSymbolHandle>0</DvcSymbolHandle><DeviceLibraryName>IDimPort</DeviceLibraryName><SymbolTagName>ID</SymbolTagName><WizardCateogry>16</WizardCateogry><DeviceSettableMode>2</DeviceSettableMode><IsNetDevice>0</IsNetDevice><Address>01</Address><AddressType>Cresnet</AddressType></DEVICE><DEVICE><DeviceName>IDimPort</DeviceName><DeviceCode>128</DeviceCode><DeviceHandle>387</DeviceHandle><DvcSymbolHandle>0</DvcSymbolHandle><DeviceLibraryName>IDimPort</DeviceLibraryName><SymbolTagName>ID</SymbolTagName><WizardCateogry>16</WizardCateogry><DeviceSettableMode>2</DeviceSettableMode><IsNetDevice>0</IsNetDevice><Address>02</Address><AddressType>Cresnet</AddressType></DEVICE><DEVICE><DeviceName>IDimPort</DeviceName><DeviceCode>128</DeviceCode><DeviceHandle>389</DeviceHandle><DvcSymbolHandle>0</DvcSymbolHandle><DeviceLibraryName>IDimPort</DeviceLibraryName><SymbolTagName>ID</SymbolTagName><WizardCateogry>16</WizardCateogry><DeviceSettableMode>2</DeviceSettableMode><IsNetDevice>0</IsNetDevice><Address>03</Address><AddressType>Cresnet</AddressType></DEVICE><DEVICE><DeviceName>IDimPort</DeviceName><DeviceCode>128</DeviceCode><DeviceHandle>391</DeviceHandle><DvcSymbolHandle>0</DvcSymbolHandle><DeviceLibraryName>IDimPort</DeviceLibraryName><SymbolTagName>ID</SymbolTagName><WizardCateogry>16</WizardCateogry><DeviceSettableMode>2</DeviceSettableMode><IsNetDevice>0</IsNetDevice><Address>04</Address><AddressType>Cresnet</AddressType></DEVICE><DEVICE><DeviceName>IDimPort</DeviceName><DeviceCode>128</DeviceCode><DeviceHandle>393</DeviceHandle><DvcSymbolHandle>0</DvcSymbolHandle><DeviceLibraryName>IDimPort</DeviceLibraryName><SymbolTagName>ID</SymbolTagName><WizardCateogry>16</WizardCateogry><DeviceSettableMode>2</DeviceSettableMode><IsNetDevice>0</IsNetDevice><Address>05</Address><AddressType>Cresnet</AddressType></DEVICE><DEVICE><DeviceName>IDimPort</DeviceName><DeviceCode>128</DeviceCode><DeviceHandle>395</DeviceHandle><DvcSymbolHandle>0</DvcSymbolHandle><DeviceLibraryName>IDimPort</DeviceLibraryName><SymbolTagName>ID</SymbolTagName><WizardCateogry>16</WizardCateogry><DeviceSettableMode>2</DeviceSettableMode><IsNetDevice>0</IsNetDevice><Address>06</Address><AddressType>Cresnet</AddressType></DEVICE><DEVICE><DeviceName>CNLDM-6</DeviceName><DeviceCode>157</DeviceCode><DeviceHandle>396</DeviceHandle><DvcSymbolHandle>17</DvcSymbolHandle><DeviceLibraryName>CNLDM-6</DeviceLibraryName><SymbolTagName>ID</SymbolTagName><WizardCateogry>1</WizardCateogry><DeviceSettableMode>1</DeviceSettableMode><DeviceFirmwareName>CNLDM-6</DeviceFirmwareName><IsNetDevice>1</IsNetDevice><LocalOrRemote>Local</LocalOrRemote><Address>1C</Address><AddressType>Cresnet</AddressType></DEVICE><DEVICE><DeviceName>IDimPort</DeviceName><DeviceCode>128</DeviceCode><DeviceHandle>398</DeviceHandle><DvcSymbolHandle>0</DvcSymbolHandle><DeviceLibraryName>IDimPort</DeviceLibraryName><SymbolTagName>ID</SymbolTagName><WizardCateogry>16</WizardCateogry><DeviceSettableMode>2</DeviceSettableMode><IsNetDevice>0</IsNetDevice><Address>01</Address><AddressType>Cresnet</AddressType></DEVICE><DEVICE><DeviceName>IDimPort</DeviceName><DeviceCode>128</DeviceCode><DeviceHandle>400</DeviceHandle><DvcSymbolHandle>0</DvcSymbolHandle><DeviceLibraryName>IDimPort</DeviceLibraryName><SymbolTagName>ID</SymbolTagName><WizardCateogry>16</WizardCateogry><DeviceSettableMode>2</DeviceSettableMode><IsNetDevice>0</IsNetDevice><Address>02</Address><AddressType>Cresnet</AddressType></DEVICE><DEVICE><DeviceName>IDimPort</DeviceName><DeviceCode>128</DeviceCode><DeviceHandle>402</DeviceHandle><DvcSymbolHandle>0</DvcSymbolHandle><DeviceLibraryName>IDimPort</DeviceLibraryName><SymbolTagName>ID</SymbolTagName><WizardCateogry>16</WizardCateogry><DeviceSettableMode>2</DeviceSettableMode><IsNetDevice>0</IsNetDevice><Address>03</Address><AddressType>Cresnet</AddressType></DEVICE><DEVICE><DeviceName>IDimPort</DeviceName><DeviceCode>128</DeviceCode><DeviceHandle>404</DeviceHandle><DvcSymbolHandle>0</DvcSymbolHandle><DeviceLibraryName>IDimPort</DeviceLibraryName><SymbolTagName>ID</SymbolTagName><WizardCateogry>16</WizardCateogry><DeviceSettableMode>2</DeviceSettableMode><IsNetDevice>0</IsNetDevice><Address>04</Address><AddressType>Cresnet</AddressType></DEVICE><DEVICE><DeviceName>IDimPort</DeviceName><DeviceCode>128</DeviceCode><DeviceHandle>406</DeviceHandle><DvcSymbolHandle>0</DvcSymbolHandle><DeviceLibraryName>IDimPort</DeviceLibraryName><SymbolTagName>ID</SymbolTagName><WizardCateogry>16</WizardCateogry><DeviceSettableMode>2</DeviceSettableMode><IsNetDevice>0</IsNetDevice><Address>05</Address><AddressType>Cresnet</AddressType></DEVICE><DEVICE><DeviceName>IDimPort</DeviceName><DeviceCode>128</DeviceCode><DeviceHandle>408</DeviceHandle><DvcSymbolHandle>0</DvcSymbolHandle><DeviceLibraryName>IDimPort</DeviceLibraryName><SymbolTagName>ID</SymbolTagName><WizardCateogry>16</WizardCateogry><DeviceSettableMode>2</DeviceSettableMode><IsNetDevice>0</IsNetDevice><Address>06</Address><AddressType>Cresnet</AddressType></DEVICE><DEVICE><DeviceName>CNLDM-6</DeviceName><DeviceCode>157</DeviceCode><DeviceHandle>409</DeviceHandle><DvcSymbolHandle>18</DvcSymbolHandle><DeviceLibraryName>CNLDM-6</DeviceLibraryName><SymbolTagName>ID</SymbolTagName><WizardCateogry>1</WizardCateogry><DeviceSettableMode>1</DeviceSettableMode><DeviceFirmwareName>CNLDM-6</DeviceFirmwareName><IsNetDevice>1</IsNetDevice><LocalOrRemote>Local</LocalOrRemote><Address>1D</Address><AddressType>Cresnet</AddressType></DEVICE><DEVICE><DeviceName>IDimPort</DeviceName><DeviceCode>128</DeviceCode><DeviceHandle>411</DeviceHandle><DvcSymbolHandle>0</DvcSymbolHandle><DeviceLibraryName>IDimPort</DeviceLibraryName><SymbolTagName>ID</SymbolTagName><WizardCateogry>16</WizardCateogry><DeviceSettableMode>2</DeviceSettableMode><IsNetDevice>0</IsNetDevice><Address>01</Address><AddressType>Cresnet</AddressType></DEVICE><DEVICE><DeviceName>IDimPort</DeviceName><DeviceCode>128</DeviceCode><DeviceHandle>413</DeviceHandle><DvcSymbolHandle>0</DvcSymbolHandle><DeviceLibraryName>IDimPort</DeviceLibraryName><SymbolTagName>ID</SymbolTagName><WizardCateogry>16</WizardCateogry><DeviceSettableMode>2</DeviceSettableMode><IsNetDevice>0</IsNetDevice><Address>02</Address><AddressType>Cresnet</AddressType></DEVICE><DEVICE><DeviceName>IDimPort</DeviceName><DeviceCode>128</DeviceCode><DeviceHandle>415</DeviceHandle><DvcSymbolHandle>0</DvcSymbolHandle><DeviceLibraryName>IDimPort</DeviceLibraryName><SymbolTagName>ID</SymbolTagName><WizardCateogry>16</WizardCateogry><DeviceSettableMode>2</DeviceSettableMode><IsNetDevice>0</IsNetDevice><Address>03</Address><AddressType>Cresnet</AddressType></DEVICE><DEVICE><DeviceName>IDimPort</DeviceName><DeviceCode>128</DeviceCode><DeviceHandle>417</DeviceHandle><DvcSymbolHandle>0</DvcSymbolHandle><DeviceLibraryName>IDimPort</DeviceLibraryName><SymbolTagName>ID</SymbolTagName><WizardCateogry>16</WizardCateogry><DeviceSettableMode>2</DeviceSettableMode><IsNetDevice>0</IsNetDevice><Address>04</Address><AddressType>Cresnet</AddressType></DEVICE><DEVICE><DeviceName>IDimPort</DeviceName><DeviceCode>128</DeviceCode><DeviceHandle>419</DeviceHandle><DvcSymbolHandle>0</DvcSymbolHandle><DeviceLibraryName>IDimPort</DeviceLibraryName><SymbolTagName>ID</SymbolTagName><WizardCateogry>16</WizardCateogry><DeviceSettableMode>2</DeviceSettableMode><IsNetDevice>0</IsNetDevice><Address>05</Address><AddressType>Cresnet</AddressType></DEVICE><DEVICE><DeviceName>IDimPort</DeviceName><DeviceCode>128</DeviceCode><DeviceHandle>421</DeviceHandle><DvcSymbolHandle>0</DvcSymbolHandle><DeviceLibraryName>IDimPort</DeviceLibraryName><SymbolTagName>ID</SymbolTagName><WizardCateogry>16</WizardCateogry><DeviceSettableMode>2</DeviceSettableMode><IsNetDevice>0</IsNetDevice><Address>06</Address><AddressType>Cresnet</AddressType></DEVICE><DEVICE><DeviceName>CNLDM-6</DeviceName><DeviceCode>157</DeviceCode><DeviceHandle>422</DeviceHandle><DvcSymbolHandle>19</DvcSymbolHandle><DeviceLibraryName>CNLDM-6</DeviceLibraryName><SymbolTagName>ID</SymbolTagName><WizardCateogry>1</WizardCateogry><DeviceSettableMode>1</DeviceSettableMode><DeviceFirmwareName>CNLDM-6</DeviceFirmwareName><IsNetDevice>1</IsNetDevice><LocalOrRemote>Local</LocalOrRemote><Address>1E</Address><AddressType>Cresnet</AddressType></DEVICE><DEVICE><DeviceName>IDimPort</DeviceName><DeviceCode>128</DeviceCode><DeviceHandle>424</DeviceHandle><DvcSymbolHandle>0</DvcSymbolHandle><DeviceLibraryName>IDimPort</DeviceLibraryName><SymbolTagName>ID</SymbolTagName><WizardCateogry>16</WizardCateogry><DeviceSettableMode>2</DeviceSettableMode><IsNetDevice>0</IsNetDevice><Address>01</Address><AddressType>Cresnet</AddressType></DEVICE><DEVICE><DeviceName>IDimPort</DeviceName><DeviceCode>128</DeviceCode><DeviceHandle>426</DeviceHandle><DvcSymbolHandle>0</DvcSymbolHandle><DeviceLibraryName>IDimPort</DeviceLibraryName><SymbolTagName>ID</SymbolTagName><WizardCateogry>16</WizardCateogry><DeviceSettableMode>2</DeviceSettableMode><IsNetDevice>0</IsNetDevice><Address>02</Address><AddressType>Cresnet</AddressType></DEVICE><DEVICE><DeviceName>IDimPort</DeviceName><DeviceCode>128</DeviceCode><DeviceHandle>428</DeviceHandle><DvcSymbolHandle>0</DvcSymbolHandle><DeviceLibraryName>IDimPort</DeviceLibraryName><SymbolTagName>ID</SymbolTagName><WizardCateogry>16</WizardCateogry><DeviceSettableMode>2</DeviceSettableMode><IsNetDevice>0</IsNetDevice><Address>03</Address><AddressType>Cresnet</AddressType></DEVICE><DEVICE><DeviceName>IDimPort</DeviceName><DeviceCode>128</DeviceCode><DeviceHandle>430</DeviceHandle><DvcSymbolHandle>0</DvcSymbolHandle><DeviceLibraryName>IDimPort</DeviceLibraryName><SymbolTagName>ID</SymbolTagName><WizardCateogry>16</WizardCateogry><DeviceSettableMode>2</DeviceSettableMode><IsNetDevice>0</IsNetDevice><Address>04</Address><AddressType>Cresnet</AddressType></DEVICE><DEVICE><DeviceName>IDimPort</DeviceName><DeviceCode>128</DeviceCode><DeviceHandle>432</DeviceHandle><DvcSymbolHandle>0</DvcSymbolHandle><DeviceLibraryName>IDimPort</DeviceLibraryName><SymbolTagName>ID</SymbolTagName><WizardCateogry>16</WizardCateogry><DeviceSettableMode>2</DeviceSettableMode><IsNetDevice>0</IsNetDevice><Address>05</Address><AddressType>Cresnet</AddressType></DEVICE><DEVICE><DeviceName>IDimPort</DeviceName><DeviceCode>128</DeviceCode><DeviceHandle>434</DeviceHandle><DvcSymbolHandle>0</DvcSymbolHandle><DeviceLibraryName>IDimPort</DeviceLibraryName><SymbolTagName>ID</SymbolTagName><WizardCateogry>16</WizardCateogry><DeviceSettableMode>2</DeviceSettableMode><IsNetDevice>0</IsNetDevice><Address>06</Address><AddressType>Cresnet</AddressType></DEVICE><DEVICE><DeviceName>CNLDM-6</DeviceName><DeviceCode>157</DeviceCode><DeviceHandle>435</DeviceHandle><DvcSymbolHandle>20</DvcSymbolHandle><DeviceLibraryName>CNLDM-6</DeviceLibraryName><SymbolTagName>ID</SymbolTagName><WizardCateogry>1</WizardCateogry><DeviceSettableMode>1</DeviceSettableMode><DeviceFirmwareName>CNLDM-6</DeviceFirmwareName><IsNetDevice>1</IsNetDevice><LocalOrRemote>Local</LocalOrRemote><Address>1F</Address><AddressType>Cresnet</AddressType></DEVICE><DEVICE><DeviceName>IDimPort</DeviceName><DeviceCode>128</DeviceCode><DeviceHandle>437</DeviceHandle><DvcSymbolHandle>0</DvcSymbolHandle><DeviceLibraryName>IDimPort</DeviceLibraryName><SymbolTagName>ID</SymbolTagName><WizardCateogry>16</WizardCateogry><DeviceSettableMode>2</DeviceSettableMode><IsNetDevice>0</IsNetDevice><Address>01</Address><AddressType>Cresnet</AddressType></DEVICE><DEVICE><DeviceName>IDimPort</DeviceName><DeviceCode>128</DeviceCode><DeviceHandle>439</DeviceHandle><DvcSymbolHandle>0</DvcSymbolHandle><DeviceLibraryName>IDimPort</DeviceLibraryName><SymbolTagName>ID</SymbolTagName><WizardCateogry>16</WizardCateogry><DeviceSettableMode>2</DeviceSettableMode><IsNetDevice>0</IsNetDevice><Address>02</Address><AddressType>Cresnet</AddressType></DEVICE><DEVICE><DeviceName>IDimPort</DeviceName><DeviceCode>128</DeviceCode><DeviceHandle>441</DeviceHandle><DvcSymbolHandle>0</DvcSymbolHandle><DeviceLibraryName>IDimPort</DeviceLibraryName><SymbolTagName>ID</SymbolTagName><WizardCateogry>16</WizardCateogry><DeviceSettableMode>2</DeviceSettableMode><IsNetDevice>0</IsNetDevice><Address>03</Address><AddressType>Cresnet</AddressType></DEVICE><DEVICE><DeviceName>IDimPort</DeviceName><DeviceCode>128</DeviceCode><DeviceHandle>443</DeviceHandle><DvcSymbolHandle>0</DvcSymbolHandle><DeviceLibraryName>IDimPort</DeviceLibraryName><SymbolTagName>ID</SymbolTagName><WizardCateogry>16</WizardCateogry><DeviceSettableMode>2</DeviceSettableMode><IsNetDevice>0</IsNetDevice><Address>04</Address><AddressType>Cresnet</AddressType></DEVICE><DEVICE><DeviceName>IDimPort</DeviceName><DeviceCode>128</DeviceCode><DeviceHandle>445</DeviceHandle><DvcSymbolHandle>0</DvcSymbolHandle><DeviceLibraryName>IDimPort</DeviceLibraryName><SymbolTagName>ID</SymbolTagName><WizardCateogry>16</WizardCateogry><DeviceSettableMode>2</DeviceSettableMode><IsNetDevice>0</IsNetDevice><Address>05</Address><AddressType>Cresnet</AddressType></DEVICE><DEVICE><DeviceName>IDimPort</DeviceName><DeviceCode>128</DeviceCode><DeviceHandle>447</DeviceHandle><DvcSymbolHandle>0</DvcSymbolHandle><DeviceLibraryName>IDimPort</DeviceLibraryName><SymbolTagName>ID</SymbolTagName><WizardCateogry>16</WizardCateogry><DeviceSettableMode>2</DeviceSettableMode><IsNetDevice>0</IsNetDevice><Address>06</Address><AddressType>Cresnet</AddressType></DEVICE><DEVICE><DeviceName>CNLDM-6</DeviceName><DeviceCode>157</DeviceCode><DeviceHandle>448</DeviceHandle><DvcSymbolHandle>21</DvcSymbolHandle><DeviceLibraryName>CNLDM-6</DeviceLibraryName><SymbolTagName>ID</SymbolTagName><WizardCateogry>1</WizardCateogry><DeviceSettableMode>1</DeviceSettableMode><DeviceFirmwareName>CNLDM-6</DeviceFirmwareName><IsNetDevice>1</IsNetDevice><LocalOrRemote>Local</LocalOrRemote><Address>20</Address><AddressType>Cresnet</AddressType></DEVICE><DEVICE><DeviceName>IDimPort</DeviceName><DeviceCode>128</DeviceCode><DeviceHandle>450</DeviceHandle><DvcSymbolHandle>0</DvcSymbolHandle><DeviceLibraryName>IDimPort</DeviceLibraryName><SymbolTagName>ID</SymbolTagName><WizardCateogry>16</WizardCateogry><DeviceSettableMode>2</DeviceSettableMode><IsNetDevice>0</IsNetDevice><Address>01</Address><AddressType>Cresnet</AddressType></DEVICE><DEVICE><DeviceName>IDimPort</DeviceName><DeviceCode>128</DeviceCode><DeviceHandle>452</DeviceHandle><DvcSymbolHandle>0</DvcSymbolHandle><DeviceLibraryName>IDimPort</DeviceLibraryName><SymbolTagName>ID</SymbolTagName><WizardCateogry>16</WizardCateogry><DeviceSettableMode>2</DeviceSettableMode><IsNetDevice>0</IsNetDevice><Address>02</Address><AddressType>Cresnet</AddressType></DEVICE><DEVICE><DeviceName>IDimPort</DeviceName><DeviceCode>128</DeviceCode><DeviceHandle>454</DeviceHandle><DvcSymbolHandle>0</DvcSymbolHandle><DeviceLibraryName>IDimPort</DeviceLibraryName><SymbolTagName>ID</SymbolTagName><WizardCateogry>16</WizardCateogry><DeviceSettableMode>2</DeviceSettableMode><IsNetDevice>0</IsNetDevice><Address>03</Address><AddressType>Cresnet</AddressType></DEVICE><DEVICE><DeviceName>IDimPort</DeviceName><DeviceCode>128</DeviceCode><DeviceHandle>456</DeviceHandle><DvcSymbolHandle>0</DvcSymbolHandle><DeviceLibraryName>IDimPort</DeviceLibraryName><SymbolTagName>ID</SymbolTagName><WizardCateogry>16</WizardCateogry><DeviceSettableMode>2</DeviceSettableMode><IsNetDevice>0</IsNetDevice><Address>04</Address><AddressType>Cresnet</AddressType></DEVICE><DEVICE><DeviceName>IDimPort</DeviceName><DeviceCode>128</DeviceCode><DeviceHandle>458</DeviceHandle><DvcSymbolHandle>0</DvcSymbolHandle><DeviceLibraryName>IDimPort</DeviceLibraryName><SymbolTagName>ID</SymbolTagName><WizardCateogry>16</WizardCateogry><DeviceSettableMode>2</DeviceSettableMode><IsNetDevice>0</IsNetDevice><Address>05</Address><AddressType>Cresnet</AddressType></DEVICE><DEVICE><DeviceName>IDimPort</DeviceName><DeviceCode>128</DeviceCode><DeviceHandle>460</DeviceHandle><DvcSymbolHandle>0</DvcSymbolHandle><DeviceLibraryName>IDimPort</DeviceLibraryName><SymbolTagName>ID</SymbolTagName><WizardCateogry>16</WizardCateogry><DeviceSettableMode>2</DeviceSettableMode><IsNetDevice>0</IsNetDevice><Address>06</Address><AddressType>Cresnet</AddressType></DEVICE><DEVICE><DeviceName>CNLDM-6</DeviceName><DeviceCode>157</DeviceCode><DeviceHandle>461</DeviceHandle><DvcSymbolHandle>22</DvcSymbolHandle><DeviceLibraryName>CNLDM-6</DeviceLibraryName><SymbolTagName>ID</SymbolTagName><WizardCateogry>1</WizardCateogry><DeviceSettableMode>1</DeviceSettableMode><DeviceFirmwareName>CNLDM-6</DeviceFirmwareName><IsNetDevice>1</IsNetDevice><LocalOrRemote>Local</LocalOrRemote><Address>21</Address><AddressType>Cresnet</AddressType></DEVICE><DEVICE><DeviceName>IDimPort</DeviceName><DeviceCode>128</DeviceCode><DeviceHandle>463</DeviceHandle><DvcSymbolHandle>0</DvcSymbolHandle><DeviceLibraryName>IDimPort</DeviceLibraryName><SymbolTagName>ID</SymbolTagName><WizardCateogry>16</WizardCateogry><DeviceSettableMode>2</DeviceSettableMode><IsNetDevice>0</IsNetDevice><Address>01</Address><AddressType>Cresnet</AddressType></DEVICE><DEVICE><DeviceName>IDimPort</DeviceName><DeviceCode>128</DeviceCode><DeviceHandle>465</DeviceHandle><DvcSymbolHandle>0</DvcSymbolHandle><DeviceLibraryName>IDimPort</DeviceLibraryName><SymbolTagName>ID</SymbolTagName><WizardCateogry>16</WizardCateogry><DeviceSettableMode>2</DeviceSettableMode><IsNetDevice>0</IsNetDevice><Address>02</Address><AddressType>Cresnet</AddressType></DEVICE><DEVICE><DeviceName>IDimPort</DeviceName><DeviceCode>128</DeviceCode><DeviceHandle>467</DeviceHandle><DvcSymbolHandle>0</DvcSymbolHandle><DeviceLibraryName>IDimPort</DeviceLibraryName><SymbolTagName>ID</SymbolTagName><WizardCateogry>16</WizardCateogry><DeviceSettableMode>2</DeviceSettableMode><IsNetDevice>0</IsNetDevice><Address>03</Address><AddressType>Cresnet</AddressType></DEVICE><DEVICE><DeviceName>IDimPort</DeviceName><DeviceCode>128</DeviceCode><DeviceHandle>469</DeviceHandle><DvcSymbolHandle>0</DvcSymbolHandle><DeviceLibraryName>IDimPort</DeviceLibraryName><SymbolTagName>ID</SymbolTagName><WizardCateogry>16</WizardCateogry><DeviceSettableMode>2</DeviceSettableMode><IsNetDevice>0</IsNetDevice><Address>04</Address><AddressType>Cresnet</AddressType></DEVICE><DEVICE><DeviceName>IDimPort</DeviceName><DeviceCode>128</DeviceCode><DeviceHandle>471</DeviceHandle><DvcSymbolHandle>0</DvcSymbolHandle><DeviceLibraryName>IDimPort</DeviceLibraryName><SymbolTagName>ID</SymbolTagName><WizardCateogry>16</WizardCateogry><DeviceSettableMode>2</DeviceSettableMode><IsNetDevice>0</IsNetDevice><Address>05</Address><AddressType>Cresnet</AddressType></DEVICE><DEVICE><DeviceName>IDimPort</DeviceName><DeviceCode>128</DeviceCode><DeviceHandle>473</DeviceHandle><DvcSymbolHandle>0</DvcSymbolHandle><DeviceLibraryName>IDimPort</DeviceLibraryName><SymbolTagName>ID</SymbolTagName><WizardCateogry>16</WizardCateogry><DeviceSettableMode>2</DeviceSettableMode><IsNetDevice>0</IsNetDevice><Address>06</Address><AddressType>Cresnet</AddressType></DEVICE><DEVICE><DeviceName>CNLDM-6</DeviceName><DeviceCode>157</DeviceCode><DeviceHandle>474</DeviceHandle><DvcSymbolHandle>23</DvcSymbolHandle><DeviceLibraryName>CNLDM-6</DeviceLibraryName><SymbolTagName>ID</SymbolTagName><WizardCateogry>1</WizardCateogry><DeviceSettableMode>1</DeviceSettableMode><DeviceFirmwareName>CNLDM-6</DeviceFirmwareName><IsNetDevice>1</IsNetDevice><LocalOrRemote>Local</LocalOrRemote><Address>22</Address><AddressType>Cresnet</AddressType></DEVICE><DEVICE><DeviceName>IDimPort</DeviceName><DeviceCode>128</DeviceCode><DeviceHandle>476</DeviceHandle><DvcSymbolHandle>0</DvcSymbolHandle><DeviceLibraryName>IDimPort</DeviceLibraryName><SymbolTagName>ID</SymbolTagName><WizardCateogry>16</WizardCateogry><DeviceSettableMode>2</DeviceSettableMode><IsNetDevice>0</IsNetDevice><Address>01</Address><AddressType>Cresnet</AddressType></DEVICE><DEVICE><DeviceName>IDimPort</DeviceName><DeviceCode>128</DeviceCode><DeviceHandle>478</DeviceHandle><DvcSymbolHandle>0</DvcSymbolHandle><DeviceLibraryName>IDimPort</DeviceLibraryName><SymbolTagName>ID</SymbolTagName><WizardCateogry>16</WizardCateogry><DeviceSettableMode>2</DeviceSettableMode><IsNetDevice>0</IsNetDevice><Address>02</Address><AddressType>Cresnet</AddressType></DEVICE><DEVICE><DeviceName>IDimPort</DeviceName><DeviceCode>128</DeviceCode><DeviceHandle>480</DeviceHandle><DvcSymbolHandle>0</DvcSymbolHandle><DeviceLibraryName>IDimPort</DeviceLibraryName><SymbolTagName>ID</SymbolTagName><WizardCateogry>16</WizardCateogry><DeviceSettableMode>2</DeviceSettableMode><IsNetDevice>0</IsNetDevice><Address>03</Address><AddressType>Cresnet</AddressType></DEVICE><DEVICE><DeviceName>IDimPort</DeviceName><DeviceCode>128</DeviceCode><DeviceHandle>482</DeviceHandle><DvcSymbolHandle>0</DvcSymbolHandle><DeviceLibraryName>IDimPort</DeviceLibraryName><SymbolTagName>ID</SymbolTagName><WizardCateogry>16</WizardCateogry><DeviceSettableMode>2</DeviceSettableMode><IsNetDevice>0</IsNetDevice><Address>04</Address><AddressType>Cresnet</AddressType></DEVICE><DEVICE><DeviceName>IDimPort</DeviceName><DeviceCode>128</DeviceCode><DeviceHandle>484</DeviceHandle><DvcSymbolHandle>0</DvcSymbolHandle><DeviceLibraryName>IDimPort</DeviceLibraryName><SymbolTagName>ID</SymbolTagName><WizardCateogry>16</WizardCateogry><DeviceSettableMode>2</DeviceSettableMode><IsNetDevice>0</IsNetDevice><Address>05</Address><AddressType>Cresnet</AddressType></DEVICE><DEVICE><DeviceName>IDimPort</DeviceName><DeviceCode>128</DeviceCode><DeviceHandle>486</DeviceHandle><DvcSymbolHandle>0</DvcSymbolHandle><DeviceLibraryName>IDimPort</DeviceLibraryName><SymbolTagName>ID</SymbolTagName><WizardCateogry>16</WizardCateogry><DeviceSettableMode>2</DeviceSettableMode><IsNetDevice>0</IsNetDevice><Address>06</Address><AddressType>Cresnet</AddressType></DEVICE><DEVICE><DeviceName>CNLDM-6</DeviceName><DeviceCode>157</DeviceCode><DeviceHandle>487</DeviceHandle><DvcSymbolHandle>24</DvcSymbolHandle><DeviceLibraryName>CNLDM-6</DeviceLibraryName><SymbolTagName>ID</SymbolTagName><WizardCateogry>1</WizardCateogry><DeviceSettableMode>1</DeviceSettableMode><DeviceFirmwareName>CNLDM-6</DeviceFirmwareName><IsNetDevice>1</IsNetDevice><LocalOrRemote>Local</LocalOrRemote><Address>23</Address><AddressType>Cresnet</AddressType></DEVICE><DEVICE><DeviceName>IDimPort</DeviceName><DeviceCode>128</DeviceCode><DeviceHandle>489</DeviceHandle><DvcSymbolHandle>0</DvcSymbolHandle><DeviceLibraryName>IDimPort</DeviceLibraryName><SymbolTagName>ID</SymbolTagName><WizardCateogry>16</WizardCateogry><DeviceSettableMode>2</DeviceSettableMode><IsNetDevice>0</IsNetDevice><Address>01</Address><AddressType>Cresnet</AddressType></DEVICE><DEVICE><DeviceName>IDimPort</DeviceName><DeviceCode>128</DeviceCode><DeviceHandle>491</DeviceHandle><DvcSymbolHandle>0</DvcSymbolHandle><DeviceLibraryName>IDimPort</DeviceLibraryName><SymbolTagName>ID</SymbolTagName><WizardCateogry>16</WizardCateogry><DeviceSettableMode>2</DeviceSettableMode><IsNetDevice>0</IsNetDevice><Address>02</Address><AddressType>Cresnet</AddressType></DEVICE><DEVICE><DeviceName>IDimPort</DeviceName><DeviceCode>128</DeviceCode><DeviceHandle>493</DeviceHandle><DvcSymbolHandle>0</DvcSymbolHandle><DeviceLibraryName>IDimPort</DeviceLibraryName><SymbolTagName>ID</SymbolTagName><WizardCateogry>16</WizardCateogry><DeviceSettableMode>2</DeviceSettableMode><IsNetDevice>0</IsNetDevice><Address>03</Address><AddressType>Cresnet</AddressType></DEVICE><DEVICE><DeviceName>IDimPort</DeviceName><DeviceCode>128</DeviceCode><DeviceHandle>495</DeviceHandle><DvcSymbolHandle>0</DvcSymbolHandle><DeviceLibraryName>IDimPort</DeviceLibraryName><SymbolTagName>ID</SymbolTagName><WizardCateogry>16</WizardCateogry><DeviceSettableMode>2</DeviceSettableMode><IsNetDevice>0</IsNetDevice><Address>04</Address><AddressType>Cresnet</AddressType></DEVICE><DEVICE><DeviceName>IDimPort</DeviceName><DeviceCode>128</DeviceCode><DeviceHandle>497</DeviceHandle><DvcSymbolHandle>0</DvcSymbolHandle><DeviceLibraryName>IDimPort</DeviceLibraryName><SymbolTagName>ID</SymbolTagName><WizardCateogry>16</WizardCateogry><DeviceSettableMode>2</DeviceSettableMode><IsNetDevice>0</IsNetDevice><Address>05</Address><AddressType>Cresnet</AddressType></DEVICE><DEVICE><DeviceName>IDimPort</DeviceName><DeviceCode>128</DeviceCode><DeviceHandle>499</DeviceHandle><DvcSymbolHandle>0</DvcSymbolHandle><DeviceLibraryName>IDimPort</DeviceLibraryName><SymbolTagName>ID</SymbolTagName><WizardCateogry>16</WizardCateogry><DeviceSettableMode>2</DeviceSettableMode><IsNetDevice>0</IsNetDevice><Address>06</Address><AddressType>Cresnet</AddressType></DEVICE><DEVICE><DeviceName>CNLDM-6</DeviceName><DeviceCode>157</DeviceCode><DeviceHandle>500</DeviceHandle><DvcSymbolHandle>25</DvcSymbolHandle><DeviceLibraryName>CNLDM-6</DeviceLibraryName><SymbolTagName>ID</SymbolTagName><WizardCateogry>1</WizardCateogry><DeviceSettableMode>1</DeviceSettableMode><DeviceFirmwareName>CNLDM-6</DeviceFirmwareName><IsNetDevice>1</IsNetDevice><LocalOrRemote>Local</LocalOrRemote><Address>12</Address><AddressType>Cresnet</AddressType></DEVICE><DEVICE><DeviceName>IDimPort</DeviceName><DeviceCode>128</DeviceCode><DeviceHandle>502</DeviceHandle><DvcSymbolHandle>0</DvcSymbolHandle><DeviceLibraryName>IDimPort</DeviceLibraryName><SymbolTagName>ID</SymbolTagName><WizardCateogry>16</WizardCateogry><DeviceSettableMode>2</DeviceSettableMode><IsNetDevice>0</IsNetDevice><Address>01</Address><AddressType>Cresnet</AddressType></DEVICE><DEVICE><DeviceName>IDimPort</DeviceName><DeviceCode>128</DeviceCode><DeviceHandle>504</DeviceHandle><DvcSymbolHandle>0</DvcSymbolHandle><DeviceLibraryName>IDimPort</DeviceLibraryName><SymbolTagName>ID</SymbolTagName><WizardCateogry>16</WizardCateogry><DeviceSettableMode>2</DeviceSettableMode><IsNetDevice>0</IsNetDevice><Address>02</Address><AddressType>Cresnet</AddressType></DEVICE><DEVICE><DeviceName>IDimPort</DeviceName><DeviceCode>128</DeviceCode><DeviceHandle>506</DeviceHandle><DvcSymbolHandle>0</DvcSymbolHandle><DeviceLibraryName>IDimPort</DeviceLibraryName><SymbolTagName>ID</SymbolTagName><WizardCateogry>16</WizardCateogry><DeviceSettableMode>2</DeviceSettableMode><IsNetDevice>0</IsNetDevice><Address>03</Address><AddressType>Cresnet</AddressType></DEVICE><DEVICE><DeviceName>IDimPort</DeviceName><DeviceCode>128</DeviceCode><DeviceHandle>508</DeviceHandle><DvcSymbolHandle>0</DvcSymbolHandle><DeviceLibraryName>IDimPort</DeviceLibraryName><SymbolTagName>ID</SymbolTagName><WizardCateogry>16</WizardCateogry><DeviceSettableMode>2</DeviceSettableMode><IsNetDevice>0</IsNetDevice><Address>04</Address><AddressType>Cresnet</AddressType></DEVICE><DEVICE><DeviceName>IDimPort</DeviceName><DeviceCode>128</DeviceCode><DeviceHandle>510</DeviceHandle><DvcSymbolHandle>0</DvcSymbolHandle><DeviceLibraryName>IDimPort</DeviceLibraryName><SymbolTagName>ID</SymbolTagName><WizardCateogry>16</WizardCateogry><DeviceSettableMode>2</DeviceSettableMode><IsNetDevice>0</IsNetDevice><Address>05</Address><AddressType>Cresnet</AddressType></DEVICE><DEVICE><DeviceName>IDimPort</DeviceName><DeviceCode>128</DeviceCode><DeviceHandle>512</DeviceHandle><DvcSymbolHandle>0</DvcSymbolHandle><DeviceLibraryName>IDimPort</DeviceLibraryName><SymbolTagName>ID</SymbolTagName><WizardCateogry>16</WizardCateogry><DeviceSettableMode>2</DeviceSettableMode><IsNetDevice>0</IsNetDevice><Address>06</Address><AddressType>Cresnet</AddressType></DEVICE><DEVICE><DeviceName>CNLDM-6</DeviceName><DeviceCode>157</DeviceCode><DeviceHandle>513</DeviceHandle><DvcSymbolHandle>26</DvcSymbolHandle><DeviceLibraryName>CNLDM-6</DeviceLibraryName><SymbolTagName>ID</SymbolTagName><WizardCateogry>1</WizardCateogry><DeviceSettableMode>1</DeviceSettableMode><DeviceFirmwareName>CNLDM-6</DeviceFirmwareName><IsNetDevice>1</IsNetDevice><LocalOrRemote>Local</LocalOrRemote><Address>13</Address><AddressType>Cresnet</AddressType></DEVICE><DEVICE><DeviceName>IDimPort</DeviceName><DeviceCode>128</DeviceCode><DeviceHandle>515</DeviceHandle><DvcSymbolHandle>0</DvcSymbolHandle><DeviceLibraryName>IDimPort</DeviceLibraryName><SymbolTagName>ID</SymbolTagName><WizardCateogry>16</WizardCateogry><DeviceSettableMode>2</DeviceSettableMode><IsNetDevice>0</IsNetDevice><Address>01</Address><AddressType>Cresnet</AddressType></DEVICE><DEVICE><DeviceName>IDimPort</DeviceName><DeviceCode>128</DeviceCode><DeviceHandle>517</DeviceHandle><DvcSymbolHandle>0</DvcSymbolHandle><DeviceLibraryName>IDimPort</DeviceLibraryName><SymbolTagName>ID</SymbolTagName><WizardCateogry>16</WizardCateogry><DeviceSettableMode>2</DeviceSettableMode><IsNetDevice>0</IsNetDevice><Address>02</Address><AddressType>Cresnet</AddressType></DEVICE><DEVICE><DeviceName>IDimPort</DeviceName><DeviceCode>128</DeviceCode><DeviceHandle>519</DeviceHandle><DvcSymbolHandle>0</DvcSymbolHandle><DeviceLibraryName>IDimPort</DeviceLibraryName><SymbolTagName>ID</SymbolTagName><WizardCateogry>16</WizardCateogry><DeviceSettableMode>2</DeviceSettableMode><IsNetDevice>0</IsNetDevice><Address>03</Address><AddressType>Cresnet</AddressType></DEVICE><DEVICE><DeviceName>IDimPort</DeviceName><DeviceCode>128</DeviceCode><DeviceHandle>521</DeviceHandle><DvcSymbolHandle>0</DvcSymbolHandle><DeviceLibraryName>IDimPort</DeviceLibraryName><SymbolTagName>ID</SymbolTagName><WizardCateogry>16</WizardCateogry><DeviceSettableMode>2</DeviceSettableMode><IsNetDevice>0</IsNetDevice><Address>04</Address><AddressType>Cresnet</AddressType></DEVICE><DEVICE><DeviceName>IDimPort</DeviceName><DeviceCode>128</DeviceCode><DeviceHandle>523</DeviceHandle><DvcSymbolHandle>0</DvcSymbolHandle><DeviceLibraryName>IDimPort</DeviceLibraryName><SymbolTagName>ID</SymbolTagName><WizardCateogry>16</WizardCateogry><DeviceSettableMode>2</DeviceSettableMode><IsNetDevice>0</IsNetDevice><Address>05</Address><AddressType>Cresnet</AddressType></DEVICE><DEVICE><DeviceName>IDimPort</DeviceName><DeviceCode>128</DeviceCode><DeviceHandle>525</DeviceHandle><DvcSymbolHandle>0</DvcSymbolHandle><DeviceLibraryName>IDimPort</DeviceLibraryName><SymbolTagName>ID</SymbolTagName><WizardCateogry>16</WizardCateogry><DeviceSettableMode>2</DeviceSettableMode><IsNetDevice>0</IsNetDevice><Address>06</Address><AddressType>Cresnet</AddressType></DEVICE><DEVICE><DeviceName>CNLDM-6</DeviceName><DeviceCode>157</DeviceCode><DeviceHandle>526</DeviceHandle><DvcSymbolHandle>27</DvcSymbolHandle><DeviceLibraryName>CNLDM-6</DeviceLibraryName><SymbolTagName>ID</SymbolTagName><WizardCateogry>1</WizardCateogry><DeviceSettableMode>1</DeviceSettableMode><DeviceFirmwareName>CNLDM-6</DeviceFirmwareName><IsNetDevice>1</IsNetDevice><LocalOrRemote>Local</LocalOrRemote><Address>14</Address><AddressType>Cresnet</AddressType></DEVICE><DEVICE><DeviceName>IDimPort</DeviceName><DeviceCode>128</DeviceCode><DeviceHandle>528</DeviceHandle><DvcSymbolHandle>0</DvcSymbolHandle><DeviceLibraryName>IDimPort</DeviceLibraryName><SymbolTagName>ID</SymbolTagName><WizardCateogry>16</WizardCateogry><DeviceSettableMode>2</DeviceSettableMode><IsNetDevice>0</IsNetDevice><Address>01</Address><AddressType>Cresnet</AddressType></DEVICE><DEVICE><DeviceName>IDimPort</DeviceName><DeviceCode>128</DeviceCode><DeviceHandle>530</DeviceHandle><DvcSymbolHandle>0</DvcSymbolHandle><DeviceLibraryName>IDimPort</DeviceLibraryName><SymbolTagName>ID</SymbolTagName><WizardCateogry>16</WizardCateogry><DeviceSettableMode>2</DeviceSettableMode><IsNetDevice>0</IsNetDevice><Address>02</Address><AddressType>Cresnet</AddressType></DEVICE><DEVICE><DeviceName>IDimPort</DeviceName><DeviceCode>128</DeviceCode><DeviceHandle>532</DeviceHandle><DvcSymbolHandle>0</DvcSymbolHandle><DeviceLibraryName>IDimPort</DeviceLibraryName><SymbolTagName>ID</SymbolTagName><WizardCateogry>16</WizardCateogry><DeviceSettableMode>2</DeviceSettableMode><IsNetDevice>0</IsNetDevice><Address>03</Address><AddressType>Cresnet</AddressType></DEVICE><DEVICE><DeviceName>IDimPort</DeviceName><DeviceCode>128</DeviceCode><DeviceHandle>534</DeviceHandle><DvcSymbolHandle>0</DvcSymbolHandle><DeviceLibraryName>IDimPort</DeviceLibraryName><SymbolTagName>ID</SymbolTagName><WizardCateogry>16</WizardCateogry><DeviceSettableMode>2</DeviceSettableMode><IsNetDevice>0</IsNetDevice><Address>04</Address><AddressType>Cresnet</AddressType></DEVICE><DEVICE><DeviceName>IDimPort</DeviceName><DeviceCode>128</DeviceCode><DeviceHandle>536</DeviceHandle><DvcSymbolHandle>0</DvcSymbolHandle><DeviceLibraryName>IDimPort</DeviceLibraryName><SymbolTagName>ID</SymbolTagName><WizardCateogry>16</WizardCateogry><DeviceSettableMode>2</DeviceSettableMode><IsNetDevice>0</IsNetDevice><Address>05</Address><AddressType>Cresnet</AddressType></DEVICE><DEVICE><DeviceName>IDimPort</DeviceName><DeviceCode>128</DeviceCode><DeviceHandle>538</DeviceHandle><DvcSymbolHandle>0</DvcSymbolHandle><DeviceLibraryName>IDimPort</DeviceLibraryName><SymbolTagName>ID</SymbolTagName><WizardCateogry>16</WizardCateogry><DeviceSettableMode>2</DeviceSettableMode><IsNetDevice>0</IsNetDevice><Address>06</Address><AddressType>Cresnet</AddressType></DEVICE><DEVICE><DeviceName>CNLDM-6</DeviceName><DeviceCode>157</DeviceCode><DeviceHandle>539</DeviceHandle><DvcSymbolHandle>28</DvcSymbolHandle><DeviceLibraryName>CNLDM-6</DeviceLibraryName><SymbolTagName>ID</SymbolTagName><WizardCateogry>1</WizardCateogry><DeviceSettableMode>1</DeviceSettableMode><DeviceFirmwareName>CNLDM-6</DeviceFirmwareName><IsNetDevice>1</IsNetDevice><LocalOrRemote>Local</LocalOrRemote><Address>15</Address><AddressType>Cresnet</AddressType></DEVICE><DEVICE><DeviceName>IDimPort</DeviceName><DeviceCode>128</DeviceCode><DeviceHandle>541</DeviceHandle><DvcSymbolHandle>0</DvcSymbolHandle><DeviceLibraryName>IDimPort</DeviceLibraryName><SymbolTagName>ID</SymbolTagName><WizardCateogry>16</WizardCateogry><DeviceSettableMode>2</DeviceSettableMode><IsNetDevice>0</IsNetDevice><Address>01</Address><AddressType>Cresnet</AddressType></DEVICE><DEVICE><DeviceName>IDimPort</DeviceName><DeviceCode>128</DeviceCode><DeviceHandle>543</DeviceHandle><DvcSymbolHandle>0</DvcSymbolHandle><DeviceLibraryName>IDimPort</DeviceLibraryName><SymbolTagName>ID</SymbolTagName><WizardCateogry>16</WizardCateogry><DeviceSettableMode>2</DeviceSettableMode><IsNetDevice>0</IsNetDevice><Address>02</Address><AddressType>Cresnet</AddressType></DEVICE><DEVICE><DeviceName>IDimPort</DeviceName><DeviceCode>128</DeviceCode><DeviceHandle>545</DeviceHandle><DvcSymbolHandle>0</DvcSymbolHandle><DeviceLibraryName>IDimPort</DeviceLibraryName><SymbolTagName>ID</SymbolTagName><WizardCateogry>16</WizardCateogry><DeviceSettableMode>2</DeviceSettableMode><IsNetDevice>0</IsNetDevice><Address>03</Address><AddressType>Cresnet</AddressType></DEVICE><DEVICE><DeviceName>IDimPort</DeviceName><DeviceCode>128</DeviceCode><DeviceHandle>547</DeviceHandle><DvcSymbolHandle>0</DvcSymbolHandle><DeviceLibraryName>IDimPort</DeviceLibraryName><SymbolTagName>ID</SymbolTagName><WizardCateogry>16</WizardCateogry><DeviceSettableMode>2</DeviceSettableMode><IsNetDevice>0</IsNetDevice><Address>04</Address><AddressType>Cresnet</AddressType></DEVICE><DEVICE><DeviceName>IDimPort</DeviceName><DeviceCode>128</DeviceCode><DeviceHandle>549</DeviceHandle><DvcSymbolHandle>0</DvcSymbolHandle><DeviceLibraryName>IDimPort</DeviceLibraryName><SymbolTagName>ID</SymbolTagName><WizardCateogry>16</WizardCateogry><DeviceSettableMode>2</DeviceSettableMode><IsNetDevice>0</IsNetDevice><Address>05</Address><AddressType>Cresnet</AddressType></DEVICE><DEVICE><DeviceName>IDimPort</DeviceName><DeviceCode>128</DeviceCode><DeviceHandle>551</DeviceHandle><DvcSymbolHandle>0</DvcSymbolHandle><DeviceLibraryName>IDimPort</DeviceLibraryName><SymbolTagName>ID</SymbolTagName><WizardCateogry>16</WizardCateogry><DeviceSettableMode>2</DeviceSettableMode><IsNetDevice>0</IsNetDevice><Address>06</Address><AddressType>Cresnet</AddressType></DEVICE><DEVICE><DeviceName>CNWPBG2-64 (OR)</DeviceName><DeviceCode>61</DeviceCode><DeviceHandle>552</DeviceHandle><DvcSymbolHandle>29</DvcSymbolHandle><DeviceLibraryName>CNWPBG2-64</DeviceLibraryName><SymbolTagName>ID</SymbolTagName><WizardCateogry>2</WizardCateogry><DeviceSettableMode>1</DeviceSettableMode><DeviceFirmwareName>CNWPBG2-64</DeviceFirmwareName><IsNetDevice>1</IsNetDevice><LocalOrRemote>Local</LocalOrRemote><Address>2A</Address><AddressType>Cresnet</AddressType></DEVICE><DEVICE><DeviceName>CNWPBG2-64 (TG)</DeviceName><DeviceCode>61</DeviceCode><DeviceHandle>553</DeviceHandle><DvcSymbolHandle>30</DvcSymbolHandle><DeviceLibraryName>CNWPBG2-64</DeviceLibraryName><SymbolTagName>ID</SymbolTagName><WizardCateogry>2</WizardCateogry><DeviceSettableMode>1</DeviceSettableMode><DeviceFirmwareName>CNWPBG2-64</DeviceFirmwareName><IsNetDevice>1</IsNetDevice><LocalOrRemote>Local</LocalOrRemote><Address>2B</Address><AddressType>Cresnet</AddressType></DEVICE><DEVICE><DeviceName>CNWPBG2-64 (AT)</DeviceName><DeviceCode>61</DeviceCode><DeviceHandle>554</DeviceHandle><DvcSymbolHandle>31</DvcSymbolHandle><DeviceLibraryName>CNWPBG2-64</DeviceLibraryName><SymbolTagName>ID</SymbolTagName><WizardCateogry>2</WizardCateogry><DeviceSettableMode>1</DeviceSettableMode><DeviceFirmwareName>CNWPBG2-64</DeviceFirmwareName><IsNetDevice>1</IsNetDevice><LocalOrRemote>Local</LocalOrRemote><Address>2C</Address><AddressType>Cresnet</AddressType></DEVICE><DEVICE><DeviceName>LC-3000</DeviceName><DeviceCode>47</DeviceCode><DeviceHandle>555</DeviceHandle><DvcSymbolHandle>32</DvcSymbolHandle><DeviceLibraryName>LC-3000</DeviceLibraryName><SymbolTagName>ID</SymbolTagName><WizardCateogry>2</WizardCateogry><DeviceSettableMode>16</DeviceSettableMode><DeviceFirmwareName>LC3000B,LC-3000V2</DeviceFirmwareName><IsNetDevice>1</IsNetDevice><LocalOrRemote>Local</LocalOrRemote><Address>2D</Address><AddressType>Cresnet</AddressType></DEVICE></DeviceData></SmpWinPrj>
